7.418e+06 3.679e+06 1.657e+06 1.336e+06 1.200e+06 1.126e+06 1.081e+06 1.052e+06 1.034e+06 1.025e+06 1.021e+06 1.025e+06 1.034e+06 1.052e+06 1.081e+06 1.126e+06 1.200e+06 1.336e+06 1.657e+06 3.679e+06 4.006e+05 3.937e+05 3.897e+05 3.884e+05 3.895e+05 3.933e+05 4.000e+05 4.101e+05 4.245e+05 4.439e+05 4.690e+05 4.979e+05 5.234e+05 5.337e+05 5.227e+05 4.976e+05 4.695e+05 4.449e+05 4.255e+05 4.110e+05 3.369e+05 3.338e+05 3.305e+05 3.274e+05 3.247e+05 3.226e+05 3.211e+05 3.203e+05 3.202e+05 3.207e+05 3.218e+05 3.236e+05 3.260e+05 3.289e+05 3.322e+05 3.354e+05 3.382e+05 3.399e+05 3.403e+05 3.392e+05 3.668e+05 3.748e+05 3.832e+05 3.905e+05 3.950e+05 3.952e+05 3.909e+05 3.837e+05 3.753e+05 3.673e+05 3.604e+05 3.549e+05 3.509e+05 3.482e+05 3.469e+05 3.468e+05 3.481e+05 3.506e+05 3.546e+05 3.600e+05 3.291e+05 3.296e+05 3.290e+05 3.274e+05 3.252e+05 3.227e+05 3.202e+05 3.180e+05 3.162e+05 3.149e+05 3.141e+05 3.138e+05 3.141e+05 3.150e+05 3.163e+05 3.182e+05 3.204e+05 3.229e+05 3.254e+05 3.276e+05
3.679e+06 7.418e+06 3.679e+06 1.657e+06 1.336e+06 1.200e+06 1.126e+06 1.081e+06 1.052e+06 1.034e+06 1.025e+06 1.021e+06 1.024e+06 1.034e+06 1.052e+06 1.081e+06 1.126e+06 1.200e+06 1.336e+06 1.657e+06 4.182e+05 4.127e+05 4.107e+05 4.119e+05 4.166e+05 4.251e+05 4.384e+05 4.579e+05 4.857e+05 5.242e+05 5.733e+05 6.221e+05 6.454e+05 6.267e+05 5.806e+05 5.318e+05 4.921e+05 4.629e+05 4.420e+05 4.276e+05 3.476e+05 3.439e+05 3.398e+05 3.358e+05 3.324e+05 3.296e+05 3.276e+05 3.264e+05 3.259e+05 3.263e+05 3.274e+05 3.293e+05 3.320e+05 3.354e+05 3.393e+05 3.434e+05 3.472e+05 3.499e+05 3.510e+05 3.502e+05 3.483e+05 3.537e+05 3.592e+05 3.641e+05 3.672e+05 3.677e+05 3.655e+05 3.611e+05 3.557e+05 3.502e+05 3.452e+05 3.411e+05 3.379e+05 3.358e+05 3.346e+05 3.344e+05 3.352e+05 3.370e+05 3.398e+05 3.436e+05 3.269e+05 3.277e+05 3.275e+05 3.263e+05 3.244e+05 3.220e+05 3.196e+05 3.174e+05 3.155e+05 3.141e+05 3.131e+05 3.127e+05 3.128e+05 3.134e+05 3.145e+05 3.162e+05 3.182e+05 3.205e+05 3.229e+05 3.252e+05
1.657e+06 3.679e+06 7.418e+06 3.679e+06 1.657e+06 1.336e+06 1.200e+06 1.126e+06 1.081e+06 1.052e+06 1.034e+06 1.024e+06 1.021e+06 1.025e+06 1.034e+06 1.052e+06 1.081e+06 1.126e+06 1.200e+06 1.336e+06 4.119e+05 4.107e+05 4.127e+05 4.182e+05 4.276e+05 4.420e+05 4.629e+05 4.921e+05 5.318e+05 5.806e+05 6.267e+05 6.454e+05 6.221e+05 5.733e+05 5.242e+05 4.857e+05 4.579e+05 4.384e+05 4.251e+05 4.166e+05 3.641e+05 3.592e+05 3.537e+05 3.483e+05 3.436e+05 3.398e+05 3.370e+05 3.352e+05 3.344e+05 3.346e+05 3.358e+05 3.379e+05 3.411e+05 3.452e+05 3.502e+05 3.557e+05 3.611e+05 3.655e+05 3.677e+05 3.672e+05 3.358e+05 3.398e+05 3.439e+05 3.476e+05 3.502e+05 3.510e+05 3.499e+05 3.472e+05 3.434e+05 3.393e+05 3.354e+05 3.320e+05 3.293e+05 3.274e+05 3.263e+05 3.259e+05 3.264e+05 3.276e+05 3.296e+05 3.324e+05 3.263e+05 3.275e+05 3.277e+05 3.269e+05 3.252e+05 3.229e+05 3.205e+05 3.182e+05 3.162e+05 3.145e+05 3.134e+05 3.128e+05 3.127e+05 3.131e+05 3.141e+05 3.155e+05 3.174e+05 3.196e+05 3.220e+05 3.244e+05
1.336e+06 1.657e+06 3.679e+06 7.418e+06 3.679e+06 1.657e+06 1.336e+06 1.200e+06 1.126e+06 1.081e+06 1.052e+06 1.034e+06 1.025e+06 1.021e+06 1.025e+06 1.034e+06 1.052e+06 1.081e+06 1.126e+06 1.200e+06 3.884e+05 3.897e+05 3.937e+05 4.006e+05 4.110e+05 4.255e+05 4.449e+05 4.695e+05 4.976e+05 5.227e+05 5.337e+05 5.234e+05 4.979e+05 4.690e+05 4.439e+05 4.245e+05 4.101e+05 4.000e+05 3.933e+05 3.895e+05 3.905e+05 3.832e+05 3.748e+05 3.668e+05 3.600e+05 3.546e+05 3.506e+05 3.481e+05 3.468e+05 3.469e+05 3.482e+05 3.509e+05 3.549e+05 3.604e+05 3.673e+05 3.753e+05 3.837e+05 3.909e+05 3.952e+05 3.950e+05 3.274e+05 3.305e+05 3.338e+05 3.369e+05 3.392e+05 3.403e+05 3.399e+05 3.382e+05 3.354e+05 3.322e+05 3.289e+05 3.260e+05 3.236e+05 3.218e+05 3.207e+05 3.202e+05 3.203e+05 3.211e+05 3.226e+05 3.247e+05 3.274e+05 3.290e+05 3.296e+05 3.291e+05 3.276e+05 3.254e+05 3.229e+05 3.204e+05 3.182e+05 3.163e+05 3.150e+05 3.141e+05 3.138e+05 3.141e+05 3.149e+05 3.162e+05 3.180e+05 3.202e+05 3.227e+05 3.252e+05
1.200e+06 1.336e+06 1.657e+06 3.679e+06 7.418e+06 3.679e+06 1.657e+06 1.336e+06 1.200e+06 1.126e+06 1.081e+06 1.052e+06 1.034e+06 1.025e+06 1.021e+06 1.025e+06 1.034e+06 1.052e+06 1.081e+06 1.126e+06 3.646e+05 3.663e+05 3.698e+05 3.754e+05 3.833e+05 3.936e+05 4.063e+05 4.206e+05 4.343e+05 4.433e+05 4.440e+05 4.361e+05 4.228e+05 4.083e+05 3.953e+05 3.846e+05 3.764e+05 3.705e+05 3.666e+05 3.647e+05 4.343e+05 4.206e+05 4.063e+05 3.936e+05 3.833e+05 3.754e+05 3.698e+05 3.663e+05 3.646e+05 3.647e+05 3.666e+05 3.705e+05 3.764e+05 3.846e+05 3.953e+05 4.083e+05 4.228e+05 4.361e+05 4.440e+05 4.433e+05 3.218e+05 3.244e+05 3.272e+05 3.299e+05 3.321e+05 3.334e+05 3.335e+05 3.324e+05 3.303e+05 3.277e+05 3.249e+05 3.222e+05 3.200e+05 3.182e+05 3.170e+05 3.163e+05 3.163e+05 3.168e+05 3.179e+05 3.196e+05 3.303e+05 3.324e+05 3.335e+05 3.334e+05 3.321e+05 3.299e+05 3.272e+05 3.244e+05 3.218e+05 3.196e+05 3.179e+05 3.168e+05 3.163e+05 3.163e+05 3.170e+05 3.182e+05 3.200e+05 3.222e+05 3.249e+05 3.277e+05
1.126e+06 1.200e+06 1.336e+06 1.657e+06 3.679e+06 7.418e+06 3.679e+06 1.657e+06 1.336e+06 1.200e+06 1.126e+06 1.081e+06 1.052e+06 1.034e+06 1.025e+06 1.021e+06 1.025e+06 1.034e+06 1.052e+06 1.081e+06 3.468e+05 3.481e+05 3.506e+05 3.546e+05 3.600e+05 3.668e+05 3.748e+05 3.832e+05 3.905e+05 3.950e+05 3.952e+05 3.909e+05 3.837e+05 3.753e+05 3.673e+05 3.604e+05 3.549e+05 3.509e+05 3.482e+05 3.469e+05 4.976e+05 4.695e+05 4.449e+05 4.255e+05 4.110e+05 4.006e+05 3.937e+05 3.897e+05 3.884e+05 3.895e+05 3.933e+05 4.000e+05 4.101e+05 4.245e+05 4.439e+05 4.690e+05 4.979e+05 5.234e+05 5.337e+05 5.227e+05 3.182e+05 3.204e+05 3.229e+05 3.254e+05 3.276e+05 3.291e+05 3.296e+05 3.290e+05 3.274e+05 3.252e+05 3.227e+05 3.202e+05 3.180e+05 3.162e+05 3.149e+05 3.141e+05 3.138e+05 3.141e+05 3.150e+05 3.163e+05 3.354e+05 3.382e+05 3.399e+05 3.403e+05 3.392e+05 3.369e+05 3.338e+05 3.305e+05 3.274e+05 3.247e+05 3.226e+05 3.211e+05 3.203e+05 3.202e+05 3.207e+05 3.218e+05 3.236e+05 3.260e+05 3.289e+05 3.322e+05
1.081e+06 1.126e+06 1.200e+06 1.336e+06 1.657e+06 3.679e+06 7.418e+06 3.679e+06 1.657e+06 1.336e+06 1.200e+06 1.126e+06 1.081e+06 1.052e+06 1.034e+06 1.025e+06 1.021e+06 1.024e+06 1.034e+06 1.052e+06 3.344e+05 3.352e+05 3.370e+05 3.398e+05 3.436e+05 3.483e+05 3.537e+05 3.592e+05 3.641e+05 3.672e+05 3.677e+05 3.655e+05 3.611e+05 3.557e+05 3.502e+05 3.452e+05 3.411e+05 3.379e+05 3.358e+05 3.346e+05 5.318e+05 4.921e+05 4.629e+05 4.420e+05 4.276e+05 4.182e+05 4.127e+05 4.107e+05 4.119e+05 4.166e+05 4.251e+05 4.384e+05 4.579e+05 4.857e+05 5.242e+05 5.733e+05 6.221e+05 6.454e+05 6.267e+05 5.806e+05 3.162e+05 3.182e+05 3.205e+05 3.229e+05 3.252e+05 3.269e+05 3.277e+05 3.275e+05 3.263e+05 3.244e+05 3.220e+05 3.196e+05 3.174e+05 3.155e+05 3.141e+05 3.131e+05 3.127e+05 3.128e+05 3.134e+05 3.145e+05 3.434e+05 3.472e+05 3.499e+05 3.510e+05 3.502e+05 3.476e+05 3.439e+05 3.398e+05 3.358e+05 3.324e+05 3.296e+05 3.276e+05 3.264e+05 3.259e+05 3.263e+05 3.274e+05 3.293e+05 3.320e+05 3.354e+05 3.393e+05
1.052e+06 1.081e+06 1.126e+06 1.200e+06 1.336e+06 1.657e+06 3.679e+06 7.418e+06 3.679e+06 1.657e+06 1.336e+06 1.200e+06 1.126e+06 1.081e+06 1.052e+06 1.034e+06 1.024e+06 1.021e+06 1.025e+06 1.034e+06 3.259e+05 3.264e+05 3.276e+05 3.296e+05 3.324e+05 3.358e+05 3.398e+05 3.439e+05 3.476e+05 3.502e+05 3.510e+05 3.499e+05 3.472e+05 3.434e+05 3.393e+05 3.354e+05 3.320e+05 3.293e+05 3.274e+05 3.263e+05 4.857e+05 4.579e+05 4.384e+05 4.251e+05 4.166e+05 4.119e+05 4.107e+05 4.127e+05 4.182e+05 4.276e+05 4.420e+05 4.629e+05 4.921e+05 5.318e+05 5.806e+05 6.267e+05 6.454e+05 6.221e+05 5.733e+05 5.242e+05 3.155e+05 3.174e+05 3.196e+05 3.220e+05 3.244e+05 3.263e+05 3.275e+05 3.277e+05 3.269e+05 3.252e+05 3.229e+05 3.205e+05 3.182e+05 3.162e+05 3.145e+05 3.134e+05 3.128e+05 3.127e+05 3.131e+05 3.141e+05 3.557e+05 3.611e+05 3.655e+05 3.677e+05 3.672e+05 3.641e+05 3.592e+05 3.537e+05 3.483e+05 3.436e+05 3.398e+05 3.370e+05 3.352e+05 3.344e+05 3.346e+05 3.358e+05 3.379e+05 3.411e+05 3.452e+05 3.502e+05
1.034e+06 1.052e+06 1.081e+06 1.126e+06 1.200e+06 1.336e+06 1.657e+06 3.679e+06 7.418e+06 3.679e+06 1.657e+06 1.336e+06 1.200e+06 1.126e+06 1.081e+06 1.052e+06 1.034e+06 1.025e+06 1.021e+06 1.025e+06 3.202e+05 3.203e+05 3.211e+05 3.226e+05 3.247e+05 3.274e+05 3.305e+05 3.338e+05 3.369e+05 3.392e+05 3.403e+05 3.399e+05 3.382e+05 3.354e+05 3.322e+05 3.289e+05 3.260e+05 3.236e+05 3.218e+05 3.207e+05 4.245e+05 4.101e+05 4.000e+05 3.933e+05 3.895e+05 3.884e+05 3.897e+05 3.937e+05 4.006e+05 4.110e+05 4.255e+05 4.449e+05 4.695e+05 4.976e+05 5.227e+05 5.337e+05 5.234e+05 4.979e+05 4.690e+05 4.439e+05 3.162e+05 3.180e+05 3.202e+05 3.227e+05 3.252e+05 3.274e+05 3.290e+05 3.296e+05 3.291e+05 3.276e+05 3.254e+05 3.229e+05 3.204e+05 3.182e+05 3.163e+05 3.150e+05 3.141e+05 3.138e+05 3.141e+05 3.149e+05 3.753e+05 3.837e+05 3.909e+05 3.952e+05 3.950e+05 3.905e+05 3.832e+05 3.748e+05 3.668e+05 3.600e+05 3.546e+05 3.506e+05 3.481e+05 3.468e+05 3.469e+05 3.482e+05 3.509e+05 3.549e+05 3.604e+05 3.673e+05
1.025e+06 1.034e+06 1.052e+06 1.081e+06 1.126e+06 1.200e+06 1.336e+06 1.657e+06 3.679e+06 7.418e+06 3.679e+06 1.657e+06 1.336e+06 1.200e+06 1.126e+06 1.081e+06 1.052e+06 1.034e+06 1.025e+06 1.021e+06 3.163e+05 3.163e+05 3.168e+05 3.179e+05 3.196e+05 3.218e+05 3.244e+05 3.272e+05 3.299e+05 3.321e+05 3.334e+05 3.335e+05 3.324e+05 3.303e+05 3.277e+05 3.249e+05 3.222e+05 3.200e+05 3.182e+05 3.170e+05 3.846e+05 3.764e+05 3.705e+05 3.666e+05 3.647e+05 3.646e+05 3.663e+05 3.698e+05 3.754e+05 3.833e+05 3.936e+05 4.063e+05 4.206e+05 4.343e+05 4.433e+05 4.440e+05 4.361e+05 4.228e+05 4.083e+05 3.953e+05 3.182e+05 3.200e+05 3.222e+05 3.249e+05 3.277e+05 3.303e+05 3.324e+05 3.335e+05 3.334e+05 3.321e+05 3.299e+05 3.272e+05 3.244e+05 3.218e+05 3.196e+05 3.179e+05 3.168e+05 3.163e+05 3.163e+05 3.170e+05 4.083e+05 4.228e+05 4.361e+05 4.440e+05 4.433e+05 4.343e+05 4.206e+05 4.063e+05 3.936e+05 3.833e+05 3.754e+05 3.698e+05 3.663e+05 3.646e+05 3.647e+05 3.666e+05 3.705e+05 3.764e+05 3.846e+05 3.953e+05
1.021e+06 1.025e+06 1.034e+06 1.052e+06 1.081e+06 1.126e+06 1.200e+06 1.336e+06 1.657e+06 3.679e+06 7.418e+06 3.679e+06 1.657e+06 1.336e+06 1.200e+06 1.126e+06 1.081e+06 1.052e+06 1.034e+06 1.025e+06 3.141e+05 3.138e+05 3.141e+05 3.150e+05 3.163e+05 3.182e+05 3.204e+05 3.229e+05 3.254e+05 3.276e+05 3.291e+05 3.296e+05 3.290e+05 3.274e+05 3.252e+05 3.227e+05 3.202e+05 3.180e+05 3.162e+05 3.149e+05 3.604e+05 3.549e+05 3.509e+05 3.482e+05 3.469e+05 3.468e+05 3.481e+05 3.506e+05 3.546e+05 3.600e+05 3.668e+05 3.748e+05 3.832e+05 3.905e+05 3.950e+05 3.952e+05 3.909e+05 3.837e+05 3.753e+05 3.673e+05 3.218e+05 3.236e+05 3.260e+05 3.289e+05 3.322e+05 3.354e+05 3.382e+05 3.399e+05 3.403e+05 3.392e+05 3.369e+05 3.338e+05 3.305e+05 3.274e+05 3.247e+05 3.226e+05 3.211e+05 3.203e+05 3.202e+05 3.207e+05 4.690e+05 4.979e+05 5.234e+05 5.337e+05 5.227e+05 4.976e+05 4.695e+05 4.449e+05 4.255e+05 4.110e+05 4.006e+05 3.937e+05 3.897e+05 3.884e+05 3.895e+05 3.933e+05 4.000e+05 4.101e+05 4.245e+05 4.439e+05
1.025e+06 1.021e+06 1.024e+06 1.034e+06 1.052e+06 1.081e+06 1.126e+06 1.200e+06 1.336e+06 1.657e+06 3.679e+06 7.418e+06 3.679e+06 1.657e+06 1.336e+06 1.200e+06 1.126e+06 1.081e+06 1.052e+06 1.034e+06 3.131e+05 3.127e+05 3.128e+05 3.134e+05 3.145e+05 3.162e+05 3.182e+05 3.205e+05 3.229e+05 3.252e+05 3.269e+05 3.277e+05 3.275e+05 3.263e+05 3.244e+05 3.220e+05 3.196e+05 3.174e+05 3.155e+05 3.141e+05 3.452e+05 3.411e+05 3.379e+05 3.358e+05 3.346e+05 3.344e+05 3.352e+05 3.370e+05 3.398e+05 3.436e+05 3.483e+05 3.537e+05 3.592e+05 3.641e+05 3.672e+05 3.677e+05 3.655e+05 3.611e+05 3.557e+05 3.502e+05 3.274e+05 3.293e+05 3.320e+05 3.354e+05 3.393e+05 3.434e+05 3.472e+05 3.499e+05 3.510e+05 3.502e+05 3.476e+05 3.439e+05 3.398e+05 3.358e+05 3.324e+05 3.296e+05 3.276e+05 3.264e+05 3.259e+05 3.263e+05 5.733e+05 6.221e+05 6.454e+05 6.267e+05 5.806e+05 5.318e+05 4.921e+05 4.629e+05 4.420e+05 4.276e+05 4.182e+05 4.127e+05 4.107e+05 4.119e+05 4.166e+05 4.251e+05 4.384e+05 4.579e+05 4.857e+05 5.242e+05
1.034e+06 1.024e+06 1.021e+06 1.025e+06 1.034e+06 1.052e+06 1.081e+06 1.126e+06 1.200e+06 1.336e+06 1.657e+06 3.679e+06 7.418e+06 3.679e+06 1.657e+06 1.336e+06 1.200e+06 1.126e+06 1.081e+06 1.052e+06 3.134e+05 3.128e+05 3.127e+05 3.131e+05 3.141e+05 3.155e+05 3.174e+05 3.196e+05 3.220e+05 3.244e+05 3.263e+05 3.275e+05 3.277e+05 3.269e+05 3.252e+05 3.229e+05 3.205e+05 3.182e+05 3.162e+05 3.145e+05 3.354e+05 3.320e+05 3.293e+05 3.274e+05 3.263e+05 3.259e+05 3.264e+05 3.276e+05 3.296e+05 3.324e+05 3.358e+05 3.398e+05 3.439e+05 3.476e+05 3.502e+05 3.510e+05 3.499e+05 3.472e+05 3.434e+05 3.393e+05 3.358e+05 3.379e+05 3.411e+05 3.452e+05 3.502e+05 3.557e+05 3.611e+05 3.655e+05 3.677e+05 3.672e+05 3.641e+05 3.592e+05 3.537e+05 3.483e+05 3.436e+05 3.398e+05 3.370e+05 3.352e+05 3.344e+05 3.346e+05 6.267e+05 6.454e+05 6.221e+05 5.733e+05 5.242e+05 4.857e+05 4.579e+05 4.384e+05 4.251e+05 4.166e+05 4.119e+05 4.107e+05 4.127e+05 4.182e+05 4.276e+05 4.420e+05 4.629e+05 4.921e+05 5.318e+05 5.806e+05
1.052e+06 1.034e+06 1.025e+06 1.021e+06 1.025e+06 1.034e+06 1.052e+06 1.081e+06 1.126e+06 1.200e+06 1.336e+06 1.657e+06 3.679e+06 7.418e+06 3.679e+06 1.657e+06 1.336e+06 1.200e+06 1.126e+06 1.081e+06 3.150e+05 3.141e+05 3.138e+05 3.141e+05 3.149e+05 3.162e+05 3.180e+05 3.202e+05 3.227e+05 3.252e+05 3.274e+05 3.290e+05 3.296e+05 3.291e+05 3.276e+05 3.254e+05 3.229e+05 3.204e+05 3.182e+05 3.163e+05 3.289e+05 3.260e+05 3.236e+05 3.218e+05 3.207e+05 3.202e+05 3.203e+05 3.211e+05 3.226e+05 3.247e+05 3.274e+05 3.305e+05 3.338e+05 3.369e+05 3.392e+05 3.403e+05 3.399e+05 3.382e+05 3.354e+05 3.322e+05 3.482e+05 3.509e+05 3.549e+05 3.604e+05 3.673e+05 3.753e+05 3.837e+05 3.909e+05 3.952e+05 3.950e+05 3.905e+05 3.832e+05 3.748e+05 3.668e+05 3.600e+05 3.546e+05 3.506e+05 3.481e+05 3.468e+05 3.469e+05 5.337e+05 5.234e+05 4.979e+05 4.690e+05 4.439e+05 4.245e+05 4.101e+05 4.000e+05 3.933e+05 3.895e+05 3.884e+05 3.897e+05 3.937e+05 4.006e+05 4.110e+05 4.255e+05 4.449e+05 4.695e+05 4.976e+05 5.227e+05
1.081e+06 1.052e+06 1.034e+06 1.025e+06 1.021e+06 1.025e+06 1.034e+06 1.052e+06 1.081e+06 1.126e+06 1.200e+06 1.336e+06 1.657e+06 3.679e+06 7.418e+06 3.679e+06 1.657e+06 1.336e+06 1.200e+06 1.126e+06 3.179e+05 3.168e+05 3.163e+05 3.163e+05 3.170e+05 3.182e+05 3.200e+05 3.222e+05 3.249e+05 3.277e+05 3.303e+05 3.324e+05 3.335e+05 3.334e+05 3.321e+05 3.299e+05 3.272e+05 3.244e+05 3.218e+05 3.196e+05 3.249e+05 3.222e+05 3.200e+05 3.182e+05 3.170e+05 3.163e+05 3.163e+05 3.168e+05 3.179e+05 3.196e+05 3.218e+05 3.244e+05 3.272e+05 3.299e+05 3.321e+05 3.334e+05 3.335e+05 3.324e+05 3.303e+05 3.277e+05 3.666e+05 3.705e+05 3.764e+05 3.846e+05 3.953e+05 4.083e+05 4.228e+05 4.361e+05 4.440e+05 4.433e+05 4.343e+05 4.206e+05 4.063e+05 3.936e+05 3.833e+05 3.754e+05 3.698e+05 3.663e+05 3.646e+05 3.647e+05 4.440e+05 4.361e+05 4.228e+05 4.083e+05 3.953e+05 3.846e+05 3.764e+05 3.705e+05 3.666e+05 3.647e+05 3.646e+05 3.663e+05 3.698e+05 3.754e+05 3.833e+05 3.936e+05 4.063e+05 4.206e+05 4.343e+05 4.433e+05
1.126e+06 1.081e+06 1.052e+06 1.034e+06 1.025e+06 1.021e+06 1.025e+06 1.034e+06 1.052e+06 1.081e+06 1.126e+06 1.200e+06 1.336e+06 1.657e+06 3.679e+06 7.418e+06 3.679e+06 1.657e+06 1.336e+06 1.200e+06 3.226e+05 3.211e+05 3.203e+05 3.202e+05 3.207e+05 3.218e+05 3.236e+05 3.260e+05 3.289e+05 3.322e+05 3.354e+05 3.382e+05 3.399e+05 3.403e+05 3.392e+05 3.369e+05 3.338e+05 3.305e+05 3.274e+05 3.247e+05 3.227e+05 3.202e+05 3.180e+05 3.162e+05 3.149e+05 3.141e+05 3.138e+05 3.141e+05 3.150e+05 3.163e+05 3.182e+05 3.204e+05 3.229e+05 3.254e+05 3.276e+05 3.291e+05 3.296e+05 3.290e+05 3.274e+05 3.252e+05 3.933e+05 4.000e+05 4.101e+05 4.245e+05 4.439e+05 4.690e+05 4.979e+05 5.234e+05 5.337e+05 5.227e+05 4.976e+05 4.695e+05 4.449e+05 4.255e+05 4.110e+05 4.006e+05 3.937e+05 3.897e+05 3.884e+05 3.895e+05 3.952e+05 3.909e+05 3.837e+05 3.753e+05 3.673e+05 3.604e+05 3.549e+05 3.509e+05 3.482e+05 3.469e+05 3.468e+05 3.481e+05 3.506e+05 3.546e+05 3.600e+05 3.668e+05 3.748e+05 3.832e+05 3.905e+05 3.950e+05
1.200e+06 1.126e+06 1.081e+06 1.052e+06 1.034e+06 1.025e+06 1.021e+06 1.024e+06 1.034e+06 1.052e+06 1.081e+06 1.126e+06 1.200e+06 1.336e+06 1.657e+06 3.679e+06 7.418e+06 3.679e+06 1.657e+06 1.336e+06 3.296e+05 3.276e+05 3.264e+05 3.259e+05 3.263e+05 3.274e+05 3.293e+05 3.320e+05 3.354e+05 3.393e+05 3.434e+05 3.472e+05 3.499e+05 3.510e+05 3.502e+05 3.476e+05 3.439e+05 3.398e+05 3.358e+05 3.324e+05 3.220e+05 3.196e+05 3.174e+05 3.155e+05 3.141e+05 3.131e+05 3.127e+05 3.128e+05 3.134e+05 3.145e+05 3.162e+05 3.182e+05 3.205e+05 3.229e+05 3.252e+05 3.269e+05 3.277e+05 3.275e+05 3.263e+05 3.244e+05 4.251e+05 4.384e+05 4.579e+05 4.857e+05 5.242e+05 5.733e+05 6.221e+05 6.454e+05 6.267e+05 5.806e+05 5.318e+05 4.921e+05 4.629e+05 4.420e+05 4.276e+05 4.182e+05 4.127e+05 4.107e+05 4.119e+05 4.166e+05 3.677e+05 3.655e+05 3.611e+05 3.557e+05 3.502e+05 3.452e+05 3.411e+05 3.379e+05 3.358e+05 3.346e+05 3.344e+05 3.352e+05 3.370e+05 3.398e+05 3.436e+05 3.483e+05 3.537e+05 3.592e+05 3.641e+05 3.672e+05
1.336e+06 1.200e+06 1.126e+06 1.081e+06 1.052e+06 1.034e+06 1.024e+06 1.021e+06 1.025e+06 1.034e+06 1.052e+06 1.081e+06 1.126e+06 1.200e+06 1.336e+06 1.657e+06 3.679e+06 7.418e+06 3.679e+06 1.657e+06 3.398e+05 3.370e+05 3.352e+05 3.344e+05 3.346e+05 3.358e+05 3.379e+05 3.411e+05 3.452e+05 3.502e+05 3.557e+05 3.611e+05 3.655e+05 3.677e+05 3.672e+05 3.641e+05 3.592e+05 3.537e+05 3.483e+05 3.436e+05 3.229e+05 3.205e+05 3.182e+05 3.162e+05 3.145e+05 3.134e+05 3.128e+05 3.127e+05 3.131e+05 3.141e+05 3.155e+05 3.174e+05 3.196e+05 3.220e+05 3.244e+05 3.263e+05 3.275e+05 3.277e+05 3.269e+05 3.252e+05 4.420e+05 4.629e+05 4.921e+05 5.318e+05 5.806e+05 6.267e+05 6.454e+05 6.221e+05 5.733e+05 5.242e+05 4.857e+05 4.579e+05 4.384e+05 4.251e+05 4.166e+05 4.119e+05 4.107e+05 4.127e+05 4.182e+05 4.276e+05 3.510e+05 3.499e+05 3.472e+05 3.434e+05 3.393e+05 3.354e+05 3.320e+05 3.293e+05 3.274e+05 3.263e+05 3.259e+05 3.264e+05 3.276e+05 3.296e+05 3.324e+05 3.358e+05 3.398e+05 3.439e+05 3.476e+05 3.502e+05
1.657e+06 1.336e+06 1.200e+06 1.126e+06 1.081e+06 1.052e+06 1.034e+06 1.025e+06 1.021e+06 1.025e+06 1.034e+06 1.052e+06 1.081e+06 1.126e+06 1.200e+06 1.336e+06 1.657e+06 3.679e+06 7.418e+06 3.679e+06 3.546e+05 3.506e+05 3.481e+05 3.468e+05 3.469e+05 3.482e+05 3.509e+05 3.549e+05 3.604e+05 3.673e+05 3.753e+05 3.837e+05 3.909e+05 3.952e+05 3.950e+05 3.905e+05 3.832e+05 3.748e+05 3.668e+05 3.600e+05 3.254e+05 3.229e+05 3.204e+05 3.182e+05 3.163e+05 3.150e+05 3.141e+05 3.138e+05 3.141e+05 3.149e+05 3.162e+05 3.180e+05 3.202e+05 3.227e+05 3.252e+05 3.274e+05 3.290e+05 3.296e+05 3.291e+05 3.276e+05 4.255e+05 4.449e+05 4.695e+05 4.976e+05 5.227e+05 5.337e+05 5.234e+05 4.979e+05 4.690e+05 4.439e+05 4.245e+05 4.101e+05 4.000e+05 3.933e+05 3.895e+05 3.884e+05 3.897e+05 3.937e+05 4.006e+05 4.110e+05 3.403e+05 3.399e+05 3.382e+05 3.354e+05 3.322e+05 3.289e+05 3.260e+05 3.236e+05 3.218e+05 3.207e+05 3.202e+05 3.203e+05 3.211e+05 3.226e+05 3.247e+05 3.274e+05 3.305e+05 3.338e+05 3.369e+05 3.392e+05
3.679e+06 1.657e+06 1.336e+06 1.200e+06 1.126e+06 1.081e+06 1.052e+06 1.034e+06 1.025e+06 1.021e+06 1.025e+06 1.034e+06 1.052e+06 1.081e+06 1.126e+06 1.200e+06 1.336e+06 1.657e+06 3.679e+06 7.418e+06 3.754e+05 3.698e+05 3.663e+05 3.646e+05 3.647e+05 3.666e+05 3.705e+05 3.764e+05 3.846e+05 3.953e+05 4.083e+05 4.228e+05 4.361e+05 4.440e+05 4.433e+05 4.343e+05 4.206e+05 4.063e+05 3.936e+05 3.833e+05 3.299e+05 3.272e+05 3.244e+05 3.218e+05 3.196e+05 3.179e+05 3.168e+05 3.163e+05 3.163e+05 3.170e+05 3.182e+05 3.200e+05 3.222e+05 3.249e+05 3.277e+05 3.303e+05 3.324e+05 3.335e+05 3.334e+05 3.321e+05 3.936e+05 4.063e+05 4.206e+05 4.343e+05 4.433e+05 4.440e+05 4.361e+05 4.228e+05 4.083e+05 3.953e+05 3.846e+05 3.764e+05 3.705e+05 3.666e+05 3.647e+05 3.646e+05 3.663e+05 3.698e+05 3.754e+05 3.833e+05 3.334e+05 3.335e+05 3.324e+05 3.303e+05 3.277e+05 3.249e+05 3.222e+05 3.200e+05 3.182e+05 3.170e+05 3.163e+05 3.163e+05 3.168e+05 3.179e+05 3.196e+05 3.218e+05 3.244e+05 3.272e+05 3.299e+05 3.321e+05
4.006e+05 4.182e+05 4.119e+05 3.884e+05 3.646e+05 3.468e+05 3.344e+05 3.259e+05 3.202e+05 3.163e+05 3.141e+05 3.131e+05 3.134e+05 3.150e+05 3.179e+05 3.226e+05 3.296e+05 3.398e+05 3.546e+05 3.754e+05 1.398e+06 9.308e+05 3.843e+05 2.745e+05 2.284e+05 2.033e+05 1.881e+05 1.784e+05 1.725e+05 1.692e+05 1.682e+05 1.692e+05 1.725e+05 1.784e+05 1.881e+05 2.033e+05 2.284e+05 2.745e+05 3.843e+05 9.308e+05 1.088e+05 1.084e+05 1.077e+05 1.070e+05 1.062e+05 1.055e+05 1.049e+05 1.045e+05 1.042e+05 1.041e+05 1.042e+05 1.044e+05 1.048e+05 1.053e+05 1.060e+05 1.068e+05 1.076e+05 1.083e+05 1.088e+05 1.090e+05 1.089e+05 1.097e+05 1.105e+05 1.109e+05 1.109e+05 1.106e+05 1.099e+05 1.090e+05 1.081e+05 1.073e+05 1.065e+05 1.059e+05 1.055e+05 1.053e+05 1.053e+05 1.055e+05 1.059e+05 1.064e+05 1.071e+05 1.079e+05 1.022e+05 1.023e+05 1.023e+05 1.021e+05 1.018e+05 1.014e+05 1.010e+05 1.006e+05 1.002e+05 9.997e+04 9.978e+04 9.969e+04 9.970e+04 9.982e+04 1.000e+05 1.003e+05 1.007e+05 1.011e+05 1.015e+05 1.019e+05
3.937e+05 4.127e+05 4.107e+05 3.897e+05 3.663e+05 3.481e+05 3.352e+05 3.264e+05 3.203e+05 3.163e+05 3.138e+05 3.127e+05 3.128e+05 3.141e+05 3.168e+05 3.211e+05 3.276e+05 3.370e+05 3.506e+05 3.698e+05 9.308e+05 1.398e+06 9.308e+05 3.843e+05 2.745e+05 2.284e+05 2.033e+05 1.881e+05 1.784e+05 1.725e+05 1.692e+05 1.682e+05 1.692e+05 1.725e+05 1.784e+05 1.881e+05 2.033e+05 2.284e+05 2.745e+05 3.843e+05 1.093e+05 1.088e+05 1.082e+05 1.074e+05 1.066e+05 1.059e+05 1.052e+05 1.048e+05 1.045e+05 1.044e+05 1.044e+05 1.046e+05 1.050e+05 1.055e+05 1.062e+05 1.070e+05 1.078e+05 1.086e+05 1.091e+05 1.094e+05 1.080e+05 1.089e+05 1.095e+05 1.100e+05 1.100e+05 1.097e+05 1.091e+05 1.083e+05 1.075e+05 1.066e+05 1.059e+05 1.054e+05 1.050e+05 1.048e+05 1.048e+05 1.049e+05 1.052e+05 1.057e+05 1.064e+05 1.072e+05 1.020e+05 1.022e+05 1.022e+05 1.020e+05 1.017e+05 1.013e+05 1.009e+05 1.005e+05 1.002e+05 9.989e+04 9.969e+04 9.960e+04 9.960e+04 9.970e+04 9.990e+04 1.002e+05 1.006e+05 1.010e+05 1.014e+05 1.017e+05
3.897e+05 4.107e+05 4.127e+05 3.937e+05 3.698e+05 3.506e+05 3.370e+05 3.276e+05 3.211e+05 3.168e+05 3.141e+05 3.128e+05 3.127e+05 3.138e+05 3.163e+05 3.203e+05 3.264e+05 3.352e+05 3.481e+05 3.663e+05 3.843e+05 9.308e+05 1.398e+06 9.308e+05 3.843e+05 2.745e+05 2.284e+05 2.033e+05 1.881e+05 1.784e+05 1.725e+05 1.692e+05 1.682e+05 1.692e+05 1.725e+05 1.784e+05 1.881e+05 2.033e+05 2.284e+05 2.745e+05 1.100e+05 1.095e+05 1.089e+05 1.080e+05 1.072e+05 1.064e+05 1.057e+05 1.052e+05 1.049e+05 1.048e+05 1.048e+05 1.050e+05 1.054e+05 1.059e+05 1.066e+05 1.075e+05 1.083e+05 1.091e+05 1.097e+05 1.100e+05 1.074e+05 1.082e+05 1.088e+05 1.093e+05 1.094e+05 1.091e+05 1.086e+05 1.078e+05 1.070e+05 1.062e+05 1.055e+05 1.050e+05 1.046e+05 1.044e+05 1.044e+05 1.045e+05 1.048e+05 1.052e+05 1.059e+05 1.066e+05 1.020e+05 1.022e+05 1.022e+05 1.020e+05 1.017e+05 1.014e+05 1.010e+05 1.006e+05 1.002e+05 9.990e+04 9.970e+04 9.960e+04 9.960e+04 9.969e+04 9.989e+04 1.002e+05 1.005e+05 1.009e+05 1.013e+05 1.017e+05
3.884e+05 4.119e+05 4.182e+05 4.006e+05 3.754e+05 3.546e+05 3.398e+05 3.296e+05 3.226e+05 3.179e+05 3.150e+05 3.134e+05 3.131e+05 3.141e+05 3.163e+05 3.202e+05 3.259e+05 3.344e+05 3.468e+05 3.646e+05 2.745e+05 3.843e+05 9.308e+05 1.398e+06 9.308e+05 3.843e+05 2.745e+05 2.284e+05 2.033e+05 1.881e+05 1.784e+05 1.725e+05 1.692e+05 1.682e+05 1.692e+05 1.725e+05 1.784e+05 1.881e+05 2.033e+05 2.284e+05 1.109e+05 1.105e+05 1.097e+05 1.089e+05 1.079e+05 1.071e+05 1.064e+05 1.059e+05 1.055e+05 1.053e+05 1.053e+05 1.055e+05 1.059e+05 1.065e+05 1.073e+05 1.081e+05 1.090e+05 1.099e+05 1.106e+05 1.109e+05 1.070e+05 1.077e+05 1.084e+05 1.088e+05 1.090e+05 1.088e+05 1.083e+05 1.076e+05 1.068e+05 1.060e+05 1.053e+05 1.048e+05 1.044e+05 1.042e+05 1.041e+05 1.042e+05 1.045e+05 1.049e+05 1.055e+05 1.062e+05 1.021e+05 1.023e+05 1.023e+05 1.022e+05 1.019e+05 1.015e+05 1.011e+05 1.007e+05 1.003e+05 1.000e+05 9.982e+04 9.970e+04 9.969e+04 9.978e+04 9.997e+04 1.002e+05 1.006e+05 1.010e+05 1.014e+05 1.018e+05
3.895e+05 4.166e+05 4.276e+05 4.110e+05 3.833e+05 3.600e+05 3.436e+05 3.324e+05 3.247e+05 3.196e+05 3.163e+05 3.145e+05 3.141e+05 3.149e+05 3.170e+05 3.207e+05 3.263e+05 3.346e+05 3.469e+05 3.647e+05 2.284e+05 2.745e+05 3.843e+05 9.308e+05 1.398e+06 9.308e+05 3.843e+05 2.745e+05 2.284e+05 2.033e+05 1.881e+05 1.784e+05 1.725e+05 1.692e+05 1.682e+05 1.692e+05 1.725e+05 1.784e+05 1.881e+05 2.033e+05 1.121e+05 1.116e+05 1.108e+05 1.099e+05 1.089e+05 1.079e+05 1.072e+05 1.066e+05 1.062e+05 1.060e+05 1.060e+05 1.062e+05 1.066e+05 1.073e+05 1.081e+05 1.090e+05 1.100e+05 1.109e+05 1.117e+05 1.121e+05 1.068e+05 1.075e+05 1.082e+05 1.087e+05 1.088e+05 1.087e+05 1.082e+05 1.075e+05 1.068e+05 1.060e+05 1.053e+05 1.048e+05 1.044e+05 1.041e+05 1.040e+05 1.041e+05 1.044e+05 1.048e+05 1.053e+05 1.060e+05 1.024e+05 1.026e+05 1.026e+05 1.025e+05 1.022e+05 1.018e+05 1.014e+05 1.009e+05 1.006e+05 1.003e+05 1.000e+05 9.990e+04 9.989e+04 9.997e+04 1.002e+05 1.004e+05 1.008e+05 1.012e+05 1.016e+05 1.021e+05
3.933e+05 4.251e+05 4.420e+05 4.255e+05 3.936e+05 3.668e+05 3.483e+05 3.358e+05 3.274e+05 3.218e+05 3.182e+05 3.162e+05 3.155e+05 3.162e+05 3.182e+05 3.218e+05 3.274e+05 3.358e+05 3.482e+05 3.666e+05 2.033e+05 2.284e+05 2.745e+05 3.843e+05 9.308e+05 1.398e+06 9.308e+05 3.843e+05 2.745e+05 2.284e+05 2.033e+05 1.881e+05 1.784e+05 1.725e+05 1.692e+05 1.682e+05 1.692e+05 1.725e+05 1.784e+05 1.881e+05 1.134e+05 1.129e+05 1.120e+05 1.109e+05 1.099e+05 1.089e+05 1.080e+05 1.074e+05 1.070e+05 1.068e+05 1.068e+05 1.070e+05 1.075e+05 1.081e+05 1.090e+05 1.100e+05 1.111e+05 1.121e+05 1.130e+05 1.134e+05 1.068e+05 1.076e+05 1.083e+05 1.088e+05 1.090e+05 1.088e+05 1.084e+05 1.077e+05 1.070e+05 1.062e+05 1.055e+05 1.049e+05 1.045e+05 1.042e+05 1.041e+05 1.042e+05 1.044e+05 1.048e+05 1.053e+05 1.060e+05 1.028e+05 1.030e+05 1.030e+05 1.029e+05 1.026e+05 1.022e+05 1.017e+05 1.013e+05 1.009e+05 1.006e+05 1.003e+05 1.002e+05 1.002e+05 1.002e+05 1.004e+05 1.007e+05 1.011e+05 1.015e+05 1.020e+05 1.024e+05
4.000e+05 4.384e+05 4.629e+05 4.449e+05 4.063e+05 3.748e+05 3.537e+05 3.398e+05 3.305e+05 3.244e+05 3.204e+05 3.182e+05 3.174e+05 3.180e+05 3.200e+05 3.236e+05 3.293e+05 3.379e+05 3.509e+05 3.705e+05 1.881e+05 2.033e+05 2.284e+05 2.745e+05 3.843e+05 9.308e+05 1.398e+06 9.308e+05 3.843e+05 2.745e+05 2.284e+05 2.033e+05 1.881e+05 1.784e+05 1.725e+05 1.692e+05 1.682e+05 1.692e+05 1.725e+05 1.784e+05 1.148e+05 1.142e+05 1.132e+05 1.120e+05 1.108e+05 1.097e+05 1.089e+05 1.082e+05 1.077e+05 1.075e+05 1.076e+05 1.078e+05 1.083e+05 1.090e+05 1.100e+05 1.111e+05 1.123e+05 1.134e+05 1.143e+05 1.148e+05 1.070e+05 1.078e+05 1.086e+05 1.091e+05 1.094e+05 1.093e+05 1.088e+05 1.082e+05 1.074e+05 1.066e+05 1.059e+05 1.052e+05 1.048e+05 1.045e+05 1.044e+05 1.044e+05 1.046e+05 1.050e+05 1.055e+05 1.062e+05 1.032e+05 1.035e+05 1.035e+05 1.034e+05 1.031e+05 1.027e+05 1.022e+05 1.017e+05 1.013e+05 1.009e+05 1.007e+05 1.006e+05 1.005e+05 1.006e+05 1.008e+05 1.011e+05 1.015e+05 1.019e+05 1.024e+05 1.029e+05
4.101e+05 4.579e+05 4.921e+05 4.695e+05 4.206e+05 3.832e+05 3.592e+05 3.439e+05 3.338e+05 3.272e+05 3.229e+05 3.205e+05 3.196e+05 3.202e+05 3.222e+05 3.260e+05 3.320e+05 3.411e+05 3.549e+05 3.764e+05 1.784e+05 1.881e+05 2.033e+05 2.284e+05 2.745e+05 3.843e+05 9.308e+05 1.398e+06 9.308e+05 3.843e+05 2.745e+05 2.284e+05 2.033e+05 1.881e+05 1.784e+05 1.725e+05 1.692e+05 1.682e+05 1.692e+05 1.725e+05 1.160e+05 1.153e+05 1.142e+05 1.129e+05 1.116e+05 1.105e+05 1.095e+05 1.088e+05 1.084e+05 1.082e+05 1.083e+05 1.086e+05 1.091e+05 1.099e+05 1.109e+05 1.121e+05 1.134e+05 1.147e+05 1.156e+05 1.161e+05 1.075e+05 1.083e+05 1.091e+05 1.097e+05 1.100e+05 1.100e+05 1.095e+05 1.089e+05 1.080e+05 1.072e+05 1.064e+05 1.057e+05 1.052e+05 1.049e+05 1.048e+05 1.048e+05 1.050e+05 1.054e+05 1.059e+05 1.066e+05 1.038e+05 1.041e+05 1.041e+05 1.040e+05 1.037e+05 1.032e+05 1.027e+05 1.022e+05 1.017e+05 1.014e+05 1.011e+05 1.010e+05 1.009e+05 1.010e+05 1.012e+05 1.015e+05 1.019e+05 1.024e+05 1.029e+05 1.034e+05
4.245e+05 4.857e+05 5.318e+05 4.976e+05 4.343e+05 3.905e+05 3.641e+05 3.476e+05 3.369e+05 3.299e+05 3.254e+05 3.229e+05 3.220e+05 3.227e+05 3.249e+05 3.289e+05 3.354e+05 3.452e+05 3.604e+05 3.846e+05 1.725e+05 1.784e+05 1.881e+05 2.033e+05 2.284e+05 2.745e+05 3.843e+05 9.308e+05 1.398e+06 9.308e+05 3.843e+05 2.745e+05 2.284e+05 2.033e+05 1.881e+05 1.784e+05 1.725e+05 1.692e+05 1.682e+05 1.692e+05 1.168e+05 1.160e+05 1.148e+05 1.134e+05 1.121e+05 1.109e+05 1.100e+05 1.093e+05 1.088e+05 1.087e+05 1.088e+05 1.091e+05 1.097e+05 1.106e+05 1.117e+05 1.130e+05 1.143e+05 1.156e+05 1.166e+05 1.170e+05 1.081e+05 1.090e+05 1.099e+05 1.106e+05 1.109e+05 1.109e+05 1.105e+05 1.097e+05 1.089e+05 1.079e+05 1.071e+05 1.064e+05 1.059e+05 1.055e+05 1.053e+05 1.053e+05 1.055e+05 1.059e+05 1.065e+05 1.073e+05 1.044e+05 1.047e+05 1.047e+05 1.046e+05 1.042e+05 1.037e+05 1.032e+05 1.027e+05 1.022e+05 1.018e+05 1.015e+05 1.014e+05 1.013e+05 1.014e+05 1.016e+05 1.020e+05 1.024e+05 1.029e+05 1.034e+05 1.040e+05
4.439e+05 5.242e+05 5.806e+05 5.227e+05 4.433e+05 3.950e+05 3.672e+05 3.502e+05 3.392e+05 3.321e+05 3.276e+05 3.252e+05 3.244e+05 3.252e+05 3.277e+05 3.322e+05 3.393e+05 3.502e+05 3.673e+05 3.953e+05 1.692e+05 1.725e+05 1.784e+05 1.881e+05 2.033e+05 2.284e+05 2.745e+05 3.843e+05 9.308e+05 1.398e+06 9.308e+05 3.843e+05 2.745e+05 2.284e+05 2.033e+05 1.881e+05 1.784e+05 1.725e+05 1.692e+05 1.682e+05 1.170e+05 1.161e+05 1.148e+05 1.134e+05 1.121e+05 1.109e+05 1.100e+05 1.094e+05 1.090e+05 1.088e+05 1.090e+05 1.094e+05 1.100e+05 1.109e+05 1.121e+05 1.134e+05 1.148e+05 1.161e+05 1.170e+05 1.173e+05 1.090e+05 1.100e+05 1.109e+05 1.117e+05 1.121e+05 1.121e+05 1.116e+05 1.108e+05 1.099e+05 1.089e+05 1.079e+05 1.072e+05 1.066e+05 1.062e+05 1.060e+05 1.060e+05 1.062e+05 1.066e+05 1.073e+05 1.081e+05 1.050e+05 1.052e+05 1.053e+05 1.051e+05 1.047e+05 1.042e+05 1.037e+05 1.031e+05 1.026e+05 1.022e+05 1.019e+05 1.017e+05 1.017e+05 1.018e+05 1.021e+05 1.024e+05 1.029e+05 1.034e+05 1.040e+05 1.045e+05
4.690e+05 5.733e+05 6.267e+05 5.337e+05 4.440e+05 3.952e+05 3.677e+05 3.510e+05 3.403e+05 3.334e+05 3.291e+05 3.269e+05 3.263e+05 3.274e+05 3.303e+05 3.354e+05 3.434e+05 3.557e+05 3.753e+05 4.083e+05 1.682e+05 1.692e+05 1.725e+05 1.784e+05 1.881e+05 2.033e+05 2.284e+05 2.745e+05 3.843e+05 9.308e+05 1.398e+06 9.308e+05 3.843e+05 2.745e+05 2.284e+05 2.033e+05 1.881e+05 1.784e+05 1.725e+05 1.692e+05 1.166e+05 1.156e+05 1.143e+05 1.130e+05 1.117e+05 1.106e+05 1.097e+05 1.091e+05 1.088e+05 1.087e+05 1.088e+05 1.093e+05 1.100e+05 1.109e+05 1.121e+05 1.134e+05 1.148e+05 1.160e+05 1.168e+05 1.170e+05 1.100e+05 1.111e+05 1.121e+05 1.130e+05 1.134e+05 1.134e+05 1.129e+05 1.120e+05 1.109e+05 1.099e+05 1.089e+05 1.080e+05 1.074e+05 1.070e+05 1.068e+05 1.068e+05 1.070e+05 1.075e+05 1.081e+05 1.090e+05 1.054e+05 1.057e+05 1.057e+05 1.055e+05 1.051e+05 1.046e+05 1.040e+05 1.034e+05 1.029e+05 1.025e+05 1.022e+05 1.020e+05 1.020e+05 1.021e+05 1.024e+05 1.028e+05 1.032e+05 1.038e+05 1.044e+05 1.050e+05
4.979e+05 6.221e+05 6.454e+05 5.234e+05 4.361e+05 3.909e+05 3.655e+05 3.499e+05 3.399e+05 3.335e+05 3.296e+05 3.277e+05 3.275e+05 3.290e+05 3.324e+05 3.382e+05 3.472e+05 3.611e+05 3.837e+05 4.228e+05 1.692e+05 1.682e+05 1.692e+05 1.725e+05 1.784e+05 1.881e+05 2.033e+05 2.284e+05 2.745e+05 3.843e+05 9.308e+05 1.398e+06 9.308e+05 3.843e+05 2.745e+05 2.284e+05 2.033e+05 1.881e+05 1.784e+05 1.725e+05 1.156e+05 1.147e+05 1.134e+05 1.121e+05 1.109e+05 1.099e+05 1.091e+05 1.086e+05 1.083e+05 1.082e+05 1.084e+05 1.088e+05 1.095e+05 1.105e+05 1.116e+05 1.129e+05 1.142e+05 1.153e+05 1.160e+05 1.161e+05 1.111e+05 1.123e+05 1.134e+05 1.143e+05 1.148e+05 1.148e+05 1.142e+05 1.132e+05 1.120e+05 1.108e+05 1.097e+05 1.089e+05 1.082e+05 1.077e+05 1.075e+05 1.076e+05 1.078e+05 1.083e+05 1.090e+05 1.100e+05 1.057e+05 1.060e+05 1.060e+05 1.057e+05 1.053e+05 1.047e+05 1.041e+05 1.035e+05 1.030e+05 1.026e+05 1.023e+05 1.022e+05 1.022e+05 1.023e+05 1.026e+05 1.030e+05 1.035e+05 1.041e+05 1.047e+05 1.052e+05
5.234e+05 6.454e+05 6.221e+05 4.979e+05 4.228e+05 3.837e+05 3.611e+05 3.472e+05 3.382e+05 3.324e+05 3.290e+05 3.275e+05 3.277e+05 3.296e+05 3.335e+05 3.399e+05 3.499e+05 3.655e+05 3.909e+05 4.361e+05 1.725e+05 1.692e+05 1.682e+05 1.692e+05 1.725e+05 1.784e+05 1.881e+05 2.033e+05 2.284e+05 2.745e+05 3.843e+05 9.308e+05 1.398e+06 9.308e+05 3.843e+05 2.745e+05 2.284e+05 2.033e+05 1.881e+05 1.784e+05 1.143e+05 1.134e+05 1.123e+05 1.111e+05 1.100e+05 1.090e+05 1.083e+05 1.078e+05 1.076e+05 1.075e+05 1.077e+05 1.082e+05 1.089e+05 1.097e+05 1.108e+05 1.120e+05 1.132e+05 1.142e+05 1.148e+05 1.148e+05 1.121e+05 1.134e+05 1.147e+05 1.156e+05 1.161e+05 1.160e+05 1.153e+05 1.142e+05 1.129e+05 1.116e+05 1.105e+05 1.095e+05 1.088e+05 1.084e+05 1.082e+05 1.083e+05 1.086e+05 1.091e+05 1.099e+05 1.109e+05 1.057e+05 1.060e+05 1.060e+05 1.057e+05 1.052e+05 1.047e+05 1.041e+05 1.035e+05 1.030e+05 1.026e+05 1.023e+05 1.022e+05 1.022e+05 1.023e+05 1.026e+05 1.030e+05 1.035e+05 1.041e+05 1.047e+05 1.053e+05
5.337e+05 6.267e+05 5.733e+05 4.690e+05 4.083e+05 3.753e+05 3.557e+05 3.434e+05 3.354e+05 3.303e+05 3.274e+05 3.263e+05 3.269e+05 3.291e+05 3.334e+05 3.403e+05 3.510e+05 3.677e+05 3.952e+05 4.440e+05 1.784e+05 1.725e+05 1.692e+05 1.682e+05 1.692e+05 1.725e+05 1.784e+05 1.881e+05 2.033e+05 2.284e+05 2.745e+05 3.843e+05 9.308e+05 1.398e+06 9.308e+05 3.843e+05 2.745e+05 2.284e+05 2.033e+05 1.881e+05 1.130e+05 1.121e+05 1.111e+05 1.100e+05 1.090e+05 1.081e+05 1.075e+05 1.070e+05 1.068e+05 1.068e+05 1.070e+05 1.074e+05 1.080e+05 1.089e+05 1.099e+05 1.109e+05 1.120e+05 1.129e+05 1.134e+05 1.134e+05 1.130e+05 1.143e+05 1.156e+05 1.166e+05 1.170e+05 1.168e+05 1.160e+05 1.148e+05 1.134e+05 1.121e+05 1.109e+05 1.100e+05 1.093e+05 1.088e+05 1.087e+05 1.088e+05 1.091e+05 1.097e+05 1.106e+05 1.117e+05 1.055e+05 1.057e+05 1.057e+05 1.054e+05 1.050e+05 1.044e+05 1.038e+05 1.032e+05 1.028e+05 1.024e+05 1.021e+05 1.020e+05 1.020e+05 1.022e+05 1.025e+05 1.029e+05 1.034e+05 1.040e+05 1.046e+05 1.051e+05
5.227e+05 5.806e+05 5.242e+05 4.439e+05 3.953e+05 3.673e+05 3.502e+05 3.393e+05 3.322e+05 3.277e+05 3.252e+05 3.244e+05 3.252e+05 3.276e+05 3.321e+05 3.392e+05 3.502e+05 3.672e+05 3.950e+05 4.433e+05 1.881e+05 1.784e+05 1.725e+05 1.692e+05 1.682e+05 1.692e+05 1.725e+05 1.784e+05 1.881e+05 2.033e+05 2.284e+05 2.745e+05 3.843e+05 9.308e+05 1.398e+06 9.308e+05 3.843e+05 2.745e+05 2.284e+05 2.033e+05 1.117e+05 1.109e+05 1.100e+05 1.090e+05 1.081e+05 1.073e+05 1.066e+05 1.062e+05 1.060e+05 1.060e+05 1.062e+05 1.066e+05 1.072e+05 1.079e+05 1.089e+05 1.099e+05 1.108e+05 1.116e+05 1.121e+05 1.121e+05 1.134e+05 1.148e+05 1.161e+05 1.170e+05 1.173e+05 1.170e+05 1.161e+05 1.148e+05 1.134e+05 1.121e+05 1.109e+05 1.100e+05 1.094e+05 1.090e+05 1.088e+05 1.090e+05 1.094e+05 1.100e+05 1.109e+05 1.121e+05 1.051e+05 1.053e+05 1.052e+05 1.050e+05 1.045e+05 1.040e+05 1.034e+05 1.029e+05 1.024e+05 1.021e+05 1.018e+05 1.017e+05 1.017e+05 1.019e+05 1.022e+05 1.026e+05 1.031e+05 1.037e+05 1.042e+05 1.047e+05
4.976e+05 5.318e+05 4.857e+05 4.245e+05 3.846e+05 3.604e+05 3.452e+05 3.354e+05 3.289e+05 3.249e+05 3.227e+05 3.220e+05 3.229e+05 3.254e+05 3.299e+05 3.369e+05 3.476e+05 3.641e+05 3.905e+05 4.343e+05 2.033e+05 1.881e+05 1.784e+05 1.725e+05 1.692e+05 1.682e+05 1.692e+05 1.725e+05 1.784e+05 1.881e+05 2.033e+05 2.284e+05 2.745e+05 3.843e+05 9.308e+05 1.398e+06 9.308e+05 3.843e+05 2.745e+05 2.284e+05 1.106e+05 1.099e+05 1.090e+05 1.081e+05 1.073e+05 1.065e+05 1.059e+05 1.055e+05 1.053e+05 1.053e+05 1.055e+05 1.059e+05 1.064e+05 1.071e+05 1.079e+05 1.089e+05 1.097e+05 1.105e+05 1.109e+05 1.109e+05 1.134e+05 1.148e+05 1.160e+05 1.168e+05 1.170e+05 1.166e+05 1.156e+05 1.143e+05 1.130e+05 1.117e+05 1.106e+05 1.097e+05 1.091e+05 1.088e+05 1.087e+05 1.088e+05 1.093e+05 1.100e+05 1.109e+05 1.121e+05 1.046e+05 1.047e+05 1.047e+05 1.044e+05 1.040e+05 1.034e+05 1.029e+05 1.024e+05 1.020e+05 1.016e+05 1.014e+05 1.013e+05 1.014e+05 1.015e+05 1.018e+05 1.022e+05 1.027e+05 1.032e+05 1.037e+05 1.042e+05
4.695e+05 4.921e+05 4.579e+05 4.101e+05 3.764e+05 3.549e+05 3.411e+05 3.320e+05 3.260e+05 3.222e+05 3.202e+05 3.196e+05 3.205e+05 3.229e+05 3.272e+05 3.338e+05 3.439e+05 3.592e+05 3.832e+05 4.206e+05 2.284e+05 2.033e+05 1.881e+05 1.784e+05 1.725e+05 1.692e+05 1.682e+05 1.692e+05 1.725e+05 1.784e+05 1.881e+05 2.033e+05 2.284e+05 2.745e+05 3.843e+05 9.308e+05 1.398e+06 9.308e+05 3.843e+05 2.745e+05 1.097e+05 1.091e+05 1.083e+05 1.075e+05 1.066e+05 1.059e+05 1.054e+05 1.050e+05 1.048e+05 1.048e+05 1.049e+05 1.052e+05 1.057e+05 1.064e+05 1.072e+05 1.080e+05 1.089e+05 1.095e+05 1.100e+05 1.100e+05 1.129e+05 1.142e+05 1.153e+05 1.160e+05 1.161e+05 1.156e+05 1.147e+05 1.134e+05 1.121e+05 1.109e+05 1.099e+05 1.091e+05 1.086e+05 1.083e+05 1.082e+05 1.084e+05 1.088e+05 1.095e+05 1.105e+05 1.116e+05 1.040e+05 1.041e+05 1.041e+05 1.038e+05 1.034e+05 1.029e+05 1.024e+05 1.019e+05 1.015e+05 1.012e+05 1.010e+05 1.009e+05 1.010e+05 1.011e+05 1.014e+05 1.017e+05 1.022e+05 1.027e+05 1.032e+05 1.037e+05
4.449e+05 4.629e+05 4.384e+05 4.000e+05 3.705e+05 3.509e+05 3.379e+05 3.293e+05 3.236e+05 3.200e+05 3.180e+05 3.174e+05 3.182e+05 3.204e+05 3.244e+05 3.305e+05 3.398e+05 3.537e+05 3.748e+05 4.063e+05 2.745e+05 2.284e+05 2.033e+05 1.881e+05 1.784e+05 1.725e+05 1.692e+05 1.682e+05 1.692e+05 1.725e+05 1.784e+05 1.881e+05 2.033e+05 2.284e+05 2.745e+05 3.843e+05 9.308e+05 1.398e+06 9.308e+05 3.843e+05 1.091e+05 1.086e+05 1.078e+05 1.070e+05 1.062e+05 1.055e+05 1.050e+05 1.046e+05 1.044e+05 1.044e+05 1.045e+05 1.048e+05 1.052e+05 1.059e+05 1.066e+05 1.074e+05 1.082e+05 1.088e+05 1.093e+05 1.094e+05 1.120e+05 1.132e+05 1.142e+05 1.148e+05 1.148e+05 1.143e+05 1.134e+05 1.123e+05 1.111e+05 1.100e+05 1.090e+05 1.083e+05 1.078e+05 1.076e+05 1.075e+05 1.077e+05 1.082e+05 1.089e+05 1.097e+05 1.108e+05 1.034e+05 1.035e+05 1.035e+05 1.032e+05 1.029e+05 1.024e+05 1.019e+05 1.015e+05 1.011e+05 1.008e+05 1.006e+05 1.005e+05 1.006e+05 1.007e+05 1.009e+05 1.013e+05 1.017e+05 1.022e+05 1.027e+05 1.031e+05
4.255e+05 4.420e+05 4.251e+05 3.933e+05 3.666e+05 3.482e+05 3.358e+05 3.274e+05 3.218e+05 3.182e+05 3.162e+05 3.155e+05 3.162e+05 3.182e+05 3.218e+05 3.274e+05 3.358e+05 3.483e+05 3.668e+05 3.936e+05 3.843e+05 2.745e+05 2.284e+05 2.033e+05 1.881e+05 1.784e+05 1.725e+05 1.692e+05 1.682e+05 1.692e+05 1.725e+05 1.784e+05 1.881e+05 2.033e+05 2.284e+05 2.745e+05 3.843e+05 9.308e+05 1.398e+06 9.308e+05 1.088e+05 1.083e+05 1.076e+05 1.068e+05 1.060e+05 1.053e+05 1.048e+05 1.044e+05 1.042e+05 1.041e+05 1.042e+05 1.045e+05 1.049e+05 1.055e+05 1.062e+05 1.070e+05 1.077e+05 1.084e+05 1.088e+05 1.090e+05 1.109e+05 1.120e+05 1.129e+05 1.134e+05 1.134e+05 1.130e+05 1.121e+05 1.111e+05 1.100e+05 1.090e+05 1.081e+05 1.075e+05 1.070e+05 1.068e+05 1.068e+05 1.070e+05 1.074e+05 1.080e+05 1.089e+05 1.099e+05 1.029e+05 1.030e+05 1.030e+05 1.028e+05 1.024e+05 1.020e+05 1.015e+05 1.011e+05 1.007e+05 1.004e+05 1.002e+05 1.002e+05 1.002e+05 1.003e+05 1.006e+05 1.009e+05 1.013e+05 1.017e+05 1.022e+05 1.026e+05
4.110e+05 4.276e+05 4.166e+05 3.895e+05 3.647e+05 3.469e+05 3.346e+05 3.263e+05 3.207e+05 3.170e+05 3.149e+05 3.141e+05 3.145e+05 3.163e+05 3.196e+05 3.247e+05 3.324e+05 3.436e+05 3.600e+05 3.833e+05 9.308e+05 3.843e+05 2.745e+05 2.284e+05 2.033e+05 1.881e+05 1.784e+05 1.725e+05 1.692e+05 1.682e+05 1.692e+05 1.725e+05 1.784e+05 1.881e+05 2.033e+05 2.284e+05 2.745e+05 3.843e+05 9.308e+05 1.398e+06 1.087e+05 1.082e+05 1.075e+05 1.068e+05 1.060e+05 1.053e+05 1.048e+05 1.044e+05 1.041e+05 1.040e+05 1.041e+05 1.044e+05 1.048e+05 1.053e+05 1.060e+05 1.068e+05 1.075e+05 1.082e+05 1.087e+05 1.088e+05 1.099e+05 1.108e+05 1.116e+05 1.121e+05 1.121e+05 1.117e+05 1.109e+05 1.100e+05 1.090e+05 1.081e+05 1.073e+05 1.066e+05 1.062e+05 1.060e+05 1.060e+05 1.062e+05 1.066e+05 1.072e+05 1.079e+05 1.089e+05 1.025e+05 1.026e+05 1.026e+05 1.024e+05 1.021e+05 1.016e+05 1.012e+05 1.008e+05 1.004e+05 1.002e+05 9.997e+04 9.989e+04 9.990e+04 1.000e+05 1.003e+05 1.006e+05 1.009e+05 1.014e+05 1.018e+05 1.022e+05
3.369e+05 3.476e+05 3.641e+05 3.905e+05 4.343e+05 4.976e+05 5.318e+05 4.857e+05 4.245e+05 3.846e+05 3.604e+05 3.452e+05 3.354e+05 3.289e+05 3.249e+05 3.227e+05 3.220e+05 3.229e+05 3.254e+05 3.299e+05 1.088e+05 1.093e+05 1.100e+05 1.109e+05 1.121e+05 1.134e+05 1.148e+05 1.160e+05 1.168e+05 1.170e+05 1.166e+05 1.156e+05 1.143e+05 1.130e+05 1.117e+05 1.106e+05 1.097e+05 1.091e+05 1.088e+05 1.087e+05 1.398e+06 9.308e+05 3.843e+05 2.745e+05 2.284e+05 2.033e+05 1.881e+05 1.784e+05 1.725e+05 1.692e+05 1.682e+05 1.692e+05 1.725e+05 1.784e+05 1.881e+05 2.033e+05 2.284e+05 2.745e+05 3.843e+05 9.308e+05 1.022e+05 1.027e+05 1.032e+05 1.037e+05 1.042e+05 1.046e+05 1.047e+05 1.047e+05 1.044e+05 1.040e+05 1.034e+05 1.029e+05 1.024e+05 1.020e+05 1.016e+05 1.014e+05 1.013e+05 1.014e+05 1.015e+05 1.018e+05 1.089e+05 1.097e+05 1.105e+05 1.109e+05 1.109e+05 1.106e+05 1.099e+05 1.090e+05 1.081e+05 1.073e+05 1.065e+05 1.059e+05 1.055e+05 1.053e+05 1.053e+05 1.055e+05 1.059e+05 1.064e+05 1.071e+05 1.079e+05
3.338e+05 3.439e+05 3.592e+05 3.832e+05 4.206e+05 4.695e+05 4.921e+05 4.579e+05 4.101e+05 3.764e+05 3.549e+05 3.411e+05 3.320e+05 3.260e+05 3.222e+05 3.202e+05 3.196e+05 3.205e+05 3.229e+05 3.272e+05 1.084e+05 1.088e+05 1.095e+05 1.105e+05 1.116e+05 1.129e+05 1.142e+05 1.153e+05 1.160e+05 1.161e+05 1.156e+05 1.147e+05 1.134e+05 1.121e+05 1.109e+05 1.099e+05 1.091e+05 1.086e+05 1.083e+05 1.082e+05 9.308e+05 1.398e+06 9.308e+05 3.843e+05 2.745e+05 2.284e+05 2.033e+05 1.881e+05 1.784e+05 1.725e+05 1.692e+05 1.682e+05 1.692e+05 1.725e+05 1.784e+05 1.881e+05 2.033e+05 2.284e+05 2.745e+05 3.843e+05 1.017e+05 1.022e+05 1.027e+05 1.032e+05 1.037e+05 1.040e+05 1.041e+05 1.041e+05 1.038e+05 1.034e+05 1.029e+05 1.024e+05 1.019e+05 1.015e+05 1.012e+05 1.010e+05 1.009e+05 1.010e+05 1.011e+05 1.014e+05 1.080e+05 1.089e+05 1.095e+05 1.100e+05 1.100e+05 1.097e+05 1.091e+05 1.083e+05 1.075e+05 1.066e+05 1.059e+05 1.054e+05 1.050e+05 1.048e+05 1.048e+05 1.049e+05 1.052e+05 1.057e+05 1.064e+05 1.072e+05
3.305e+05 3.398e+05 3.537e+05 3.748e+05 4.063e+05 4.449e+05 4.629e+05 4.384e+05 4.000e+05 3.705e+05 3.509e+05 3.379e+05 3.293e+05 3.236e+05 3.200e+05 3.180e+05 3.174e+05 3.182e+05 3.204e+05 3.244e+05 1.077e+05 1.082e+05 1.089e+05 1.097e+05 1.108e+05 1.120e+05 1.132e+05 1.142e+05 1.148e+05 1.148e+05 1.143e+05 1.134e+05 1.123e+05 1.111e+05 1.100e+05 1.090e+05 1.083e+05 1.078e+05 1.076e+05 1.075e+05 3.843e+05 9.308e+05 1.398e+06 9.308e+05 3.843e+05 2.745e+05 2.284e+05 2.033e+05 1.881e+05 1.784e+05 1.725e+05 1.692e+05 1.682e+05 1.692e+05 1.725e+05 1.784e+05 1.881e+05 2.033e+05 2.284e+05 2.745e+05 1.013e+05 1.017e+05 1.022e+05 1.027e+05 1.031e+05 1.034e+05 1.035e+05 1.035e+05 1.032e+05 1.029e+05 1.024e+05 1.019e+05 1.015e+05 1.011e+05 1.008e+05 1.006e+05 1.005e+05 1.006e+05 1.007e+05 1.009e+05 1.074e+05 1.082e+05 1.088e+05 1.093e+05 1.094e+05 1.091e+05 1.086e+05 1.078e+05 1.070e+05 1.062e+05 1.055e+05 1.050e+05 1.046e+05 1.044e+05 1.044e+05 1.045e+05 1.048e+05 1.052e+05 1.059e+05 1.066e+05
3.274e+05 3.358e+05 3.483e+05 3.668e+05 3.936e+05 4.255e+05 4.420e+05 4.251e+05 3.933e+05 3.666e+05 3.482e+05 3.358e+05 3.274e+05 3.218e+05 3.182e+05 3.162e+05 3.155e+05 3.162e+05 3.182e+05 3.218e+05 1.070e+05 1.074e+05 1.080e+05 1.089e+05 1.099e+05 1.109e+05 1.120e+05 1.129e+05 1.134e+05 1.134e+05 1.130e+05 1.121e+05 1.111e+05 1.100e+05 1.090e+05 1.081e+05 1.075e+05 1.070e+05 1.068e+05 1.068e+05 2.745e+05 3.843e+05 9.308e+05 1.398e+06 9.308e+05 3.843e+05 2.745e+05 2.284e+05 2.033e+05 1.881e+05 1.784e+05 1.725e+05 1.692e+05 1.682e+05 1.692e+05 1.725e+05 1.784e+05 1.881e+05 2.033e+05 2.284e+05 1.009e+05 1.013e+05 1.017e+05 1.022e+05 1.026e+05 1.029e+05 1.030e+05 1.030e+05 1.028e+05 1.024e+05 1.020e+05 1.015e+05 1.011e+05 1.007e+05 1.004e+05 1.002e+05 1.002e+05 1.002e+05 1.003e+05 1.006e+05 1.070e+05 1.077e+05 1.084e+05 1.088e+05 1.090e+05 1.088e+05 1.083e+05 1.076e+05 1.068e+05 1.060e+05 1.053e+05 1.048e+05 1.044e+05 1.042e+05 1.041e+05 1.042e+05 1.045e+05 1.049e+05 1.055e+05 1.062e+05
3.247e+05 3.324e+05 3.436e+05 3.600e+05 3.833e+05 4.110e+05 4.276e+05 4.166e+05 3.895e+05 3.647e+05 3.469e+05 3.346e+05 3.263e+05 3.207e+05 3.170e+05 3.149e+05 3.141e+05 3.145e+05 3.163e+05 3.196e+05 1.062e+05 1.066e+05 1.072e+05 1.079e+05 1.089e+05 1.099e+05 1.108e+05 1.116e+05 1.121e+05 1.121e+05 1.117e+05 1.109e+05 1.100e+05 1.090e+05 1.081e+05 1.073e+05 1.066e+05 1.062e+05 1.060e+05 1.060e+05 2.284e+05 2.745e+05 3.843e+05 9.308e+05 1.398e+06 9.308e+05 3.843e+05 2.745e+05 2.284e+05 2.033e+05 1.881e+05 1.784e+05 1.725e+05 1.692e+05 1.682e+05 1.692e+05 1.725e+05 1.784e+05 1.881e+05 2.033e+05 1.006e+05 1.009e+05 1.014e+05 1.018e+05 1.022e+05 1.025e+05 1.026e+05 1.026e+05 1.024e+05 1.021e+05 1.016e+05 1.012e+05 1.008e+05 1.004e+05 1.002e+05 9.997e+04 9.989e+04 9.990e+04 1.000e+05 1.003e+05 1.068e+05 1.075e+05 1.082e+05 1.087e+05 1.088e+05 1.087e+05 1.082e+05 1.075e+05 1.068e+05 1.060e+05 1.053e+05 1.048e+05 1.044e+05 1.041e+05 1.040e+05 1.041e+05 1.044e+05 1.048e+05 1.053e+05 1.060e+05
3.226e+05 3.296e+05 3.398e+05 3.546e+05 3.754e+05 4.006e+05 4.182e+05 4.119e+05 3.884e+05 3.646e+05 3.468e+05 3.344e+05 3.259e+05 3.202e+05 3.163e+05 3.141e+05 3.131e+05 3.134e+05 3.150e+05 3.179e+05 1.055e+05 1.059e+05 1.064e+05 1.071e+05 1.079e+05 1.089e+05 1.097e+05 1.105e+05 1.109e+05 1.109e+05 1.106e+05 1.099e+05 1.090e+05 1.081e+05 1.073e+05 1.065e+05 1.059e+05 1.055e+05 1.053e+05 1.053e+05 2.033e+05 2.284e+05 2.745e+05 3.843e+05 9.308e+05 1.398e+06 9.308e+05 3.843e+05 2.745e+05 2.284e+05 2.033e+05 1.881e+05 1.784e+05 1.725e+05 1.692e+05 1.682e+05 1.692e+05 1.725e+05 1.784e+05 1.881e+05 1.003e+05 1.007e+05 1.011e+05 1.015e+05 1.019e+05 1.022e+05 1.023e+05 1.023e+05 1.021e+05 1.018e+05 1.014e+05 1.010e+05 1.006e+05 1.002e+05 9.997e+04 9.978e+04 9.969e+04 9.970e+04 9.982e+04 1.000e+05 1.068e+05 1.076e+05 1.083e+05 1.088e+05 1.090e+05 1.088e+05 1.084e+05 1.077e+05 1.070e+05 1.062e+05 1.055e+05 1.049e+05 1.045e+05 1.042e+05 1.041e+05 1.042e+05 1.044e+05 1.048e+05 1.053e+05 1.060e+05
3.211e+05 3.276e+05 3.370e+05 3.506e+05 3.698e+05 3.937e+05 4.127e+05 4.107e+05 3.897e+05 3.663e+05 3.481e+05 3.352e+05 3.264e+05 3.203e+05 3.163e+05 3.138e+05 3.127e+05 3.128e+05 3.141e+05 3.168e+05 1.049e+05 1.052e+05 1.057e+05 1.064e+05 1.072e+05 1.080e+05 1.089e+05 1.095e+05 1.100e+05 1.100e+05 1.097e+05 1.091e+05 1.083e+05 1.075e+05 1.066e+05 1.059e+05 1.054e+05 1.050e+05 1.048e+05 1.048e+05 1.881e+05 2.033e+05 2.284e+05 2.745e+05 3.843e+05 9.308e+05 1.398e+06 9.308e+05 3.843e+05 2.745e+05 2.284e+05 2.033e+05 1.881e+05 1.784e+05 1.725e+05 1.692e+05 1.682e+05 1.692e+05 1.725e+05 1.784e+05 1.002e+05 1.006e+05 1.010e+05 1.014e+05 1.017e+05 1.020e+05 1.022e+05 1.022e+05 1.020e+05 1.017e+05 1.013e+05 1.009e+05 1.005e+05 1.002e+05 9.989e+04 9.969e+04 9.960e+04 9.960e+04 9.970e+04 9.990e+04 1.070e+05 1.078e+05 1.086e+05 1.091e+05 1.094e+05 1.093e+05 1.088e+05 1.082e+05 1.074e+05 1.066e+05 1.059e+05 1.052e+05 1.048e+05 1.045e+05 1.044e+05 1.044e+05 1.046e+05 1.050e+05 1.055e+05 1.062e+05
3.203e+05 3.264e+05 3.352e+05 3.481e+05 3.663e+05 3.897e+05 4.107e+05 4.127e+05 3.937e+05 3.698e+05 3.506e+05 3.370e+05 3.276e+05 3.211e+05 3.168e+05 3.141e+05 3.128e+05 3.127e+05 3.138e+05 3.163e+05 1.045e+05 1.048e+05 1.052e+05 1.059e+05 1.066e+05 1.074e+05 1.082e+05 1.088e+05 1.093e+05 1.094e+05 1.091e+05 1.086e+05 1.078e+05 1.070e+05 1.062e+05 1.055e+05 1.050e+05 1.046e+05 1.044e+05 1.044e+05 1.784e+05 1.881e+05 2.033e+05 2.284e+05 2.745e+05 3.843e+05 9.308e+05 1.398e+06 9.308e+05 3.843e+05 2.745e+05 2.284e+05 2.033e+05 1.881e+05 1.784e+05 1.725e+05 1.692e+05 1.682e+05 1.692e+05 1.725e+05 1.002e+05 1.005e+05 1.009e+05 1.013e+05 1.017e+05 1.020e+05 1.022e+05 1.022e+05 1.020e+05 1.017e+05 1.014e+05 1.010e+05 1.006e+05 1.002e+05 9.990e+04 9.970e+04 9.960e+04 9.960e+04 9.969e+04 9.989e+04 1.075e+05 1.083e+05 1.091e+05 1.097e+05 1.100e+05 1.100e+05 1.095e+05 1.089e+05 1.080e+05 1.072e+05 1.064e+05 1.057e+05 1.052e+05 1.049e+05 1.048e+05 1.048e+05 1.050e+05 1.054e+05 1.059e+05 1.066e+05
3.202e+05 3.259e+05 3.344e+05 3.468e+05 3.646e+05 3.884e+05 4.119e+05 4.182e+05 4.006e+05 3.754e+05 3.546e+05 3.398e+05 3.296e+05 3.226e+05 3.179e+05 3.150e+05 3.134e+05 3.131e+05 3.141e+05 3.163e+05 1.042e+05 1.045e+05 1.049e+05 1.055e+05 1.062e+05 1.070e+05 1.077e+05 1.084e+05 1.088e+05 1.090e+05 1.088e+05 1.083e+05 1.076e+05 1.068e+05 1.060e+05 1.053e+05 1.048e+05 1.044e+05 1.042e+05 1.041e+05 1.725e+05 1.784e+05 1.881e+05 2.033e+05 2.284e+05 2.745e+05 3.843e+05 9.308e+05 1.398e+06 9.308e+05 3.843e+05 2.745e+05 2.284e+05 2.033e+05 1.881e+05 1.784e+05 1.725e+05 1.692e+05 1.682e+05 1.692e+05 1.002e+05 1.006e+05 1.010e+05 1.014e+05 1.018e+05 1.021e+05 1.023e+05 1.023e+05 1.022e+05 1.019e+05 1.015e+05 1.011e+05 1.007e+05 1.003e+05 1.000e+05 9.982e+04 9.970e+04 9.969e+04 9.978e+04 9.997e+04 1.081e+05 1.090e+05 1.099e+05 1.106e+05 1.109e+05 1.109e+05 1.105e+05 1.097e+05 1.089e+05 1.079e+05 1.071e+05 1.064e+05 1.059e+05 1.055e+05 1.053e+05 1.053e+05 1.055e+05 1.059e+05 1.065e+05 1.073e+05
3.207e+05 3.263e+05 3.346e+05 3.469e+05 3.647e+05 3.895e+05 4.166e+05 4.276e+05 4.110e+05 3.833e+05 3.600e+05 3.436e+05 3.324e+05 3.247e+05 3.196e+05 3.163e+05 3.145e+05 3.141e+05 3.149e+05 3.170e+05 1.041e+05 1.044e+05 1.048e+05 1.053e+05 1.060e+05 1.068e+05 1.075e+05 1.082e+05 1.087e+05 1.088e+05 1.087e+05 1.082e+05 1.075e+05 1.068e+05 1.060e+05 1.053e+05 1.048e+05 1.044e+05 1.041e+05 1.040e+05 1.692e+05 1.725e+05 1.784e+05 1.881e+05 2.033e+05 2.284e+05 2.745e+05 3.843e+05 9.308e+05 1.398e+06 9.308e+05 3.843e+05 2.745e+05 2.284e+05 2.033e+05 1.881e+05 1.784e+05 1.725e+05 1.692e+05 1.682e+05 1.004e+05 1.008e+05 1.012e+05 1.016e+05 1.021e+05 1.024e+05 1.026e+05 1.026e+05 1.025e+05 1.022e+05 1.018e+05 1.014e+05 1.009e+05 1.006e+05 1.003e+05 1.000e+05 9.990e+04 9.989e+04 9.997e+04 1.002e+05 1.090e+05 1.100e+05 1.109e+05 1.117e+05 1.121e+05 1.121e+05 1.116e+05 1.108e+05 1.099e+05 1.089e+05 1.079e+05 1.072e+05 1.066e+05 1.062e+05 1.060e+05 1.060e+05 1.062e+05 1.066e+05 1.073e+05 1.081e+05
3.218e+05 3.274e+05 3.358e+05 3.482e+05 3.666e+05 3.933e+05 4.251e+05 4.420e+05 4.255e+05 3.936e+05 3.668e+05 3.483e+05 3.358e+05 3.274e+05 3.218e+05 3.182e+05 3.162e+05 3.155e+05 3.162e+05 3.182e+05 1.042e+05 1.044e+05 1.048e+05 1.053e+05 1.060e+05 1.068e+05 1.076e+05 1.083e+05 1.088e+05 1.090e+05 1.088e+05 1.084e+05 1.077e+05 1.070e+05 1.062e+05 1.055e+05 1.049e+05 1.045e+05 1.042e+05 1.041e+05 1.682e+05 1.692e+05 1.725e+05 1.784e+05 1.881e+05 2.033e+05 2.284e+05 2.745e+05 3.843e+05 9.308e+05 1.398e+06 9.308e+05 3.843e+05 2.745e+05 2.284e+05 2.033e+05 1.881e+05 1.784e+05 1.725e+05 1.692e+05 1.007e+05 1.011e+05 1.015e+05 1.020e+05 1.024e+05 1.028e+05 1.030e+05 1.030e+05 1.029e+05 1.026e+05 1.022e+05 1.017e+05 1.013e+05 1.009e+05 1.006e+05 1.003e+05 1.002e+05 1.002e+05 1.002e+05 1.004e+05 1.100e+05 1.111e+05 1.121e+05 1.130e+05 1.134e+05 1.134e+05 1.129e+05 1.120e+05 1.109e+05 1.099e+05 1.089e+05 1.080e+05 1.074e+05 1.070e+05 1.068e+05 1.068e+05 1.070e+05 1.075e+05 1.081e+05 1.090e+05
3.236e+05 3.293e+05 3.379e+05 3.509e+05 3.705e+05 4.000e+05 4.384e+05 4.629e+05 4.449e+05 4.063e+05 3.748e+05 3.537e+05 3.398e+05 3.305e+05 3.244e+05 3.204e+05 3.182e+05 3.174e+05 3.180e+05 3.200e+05 1.044e+05 1.046e+05 1.050e+05 1.055e+05 1.062e+05 1.070e+05 1.078e+05 1.086e+05 1.091e+05 1.094e+05 1.093e+05 1.088e+05 1.082e+05 1.074e+05 1.066e+05 1.059e+05 1.052e+05 1.048e+05 1.045e+05 1.044e+05 1.692e+05 1.682e+05 1.692e+05 1.725e+05 1.784e+05 1.881e+05 2.033e+05 2.284e+05 2.745e+05 3.843e+05 9.308e+05 1.398e+06 9.308e+05 3.843e+05 2.745e+05 2.284e+05 2.033e+05 1.881e+05 1.784e+05 1.725e+05 1.011e+05 1.015e+05 1.019e+05 1.024e+05 1.029e+05 1.032e+05 1.035e+05 1.035e+05 1.034e+05 1.031e+05 1.027e+05 1.022e+05 1.017e+05 1.013e+05 1.009e+05 1.007e+05 1.006e+05 1.005e+05 1.006e+05 1.008e+05 1.111e+05 1.123e+05 1.134e+05 1.143e+05 1.148e+05 1.148e+05 1.142e+05 1.132e+05 1.120e+05 1.108e+05 1.097e+05 1.089e+05 1.082e+05 1.077e+05 1.075e+05 1.076e+05 1.078e+05 1.083e+05 1.090e+05 1.100e+05
3.260e+05 3.320e+05 3.411e+05 3.549e+05 3.764e+05 4.101e+05 4.579e+05 4.921e+05 4.695e+05 4.206e+05 3.832e+05 3.592e+05 3.439e+05 3.338e+05 3.272e+05 3.229e+05 3.205e+05 3.196e+05 3.202e+05 3.222e+05 1.048e+05 1.050e+05 1.054e+05 1.059e+05 1.066e+05 1.075e+05 1.083e+05 1.091e+05 1.097e+05 1.100e+05 1.100e+05 1.095e+05 1.089e+05 1.080e+05 1.072e+05 1.064e+05 1.057e+05 1.052e+05 1.049e+05 1.048e+05 1.725e+05 1.692e+05 1.682e+05 1.692e+05 1.725e+05 1.784e+05 1.881e+05 2.033e+05 2.284e+05 2.745e+05 3.843e+05 9.308e+05 1.398e+06 9.308e+05 3.843e+05 2.745e+05 2.284e+05 2.033e+05 1.881e+05 1.784e+05 1.015e+05 1.019e+05 1.024e+05 1.029e+05 1.034e+05 1.038e+05 1.041e+05 1.041e+05 1.040e+05 1.037e+05 1.032e+05 1.027e+05 1.022e+05 1.017e+05 1.014e+05 1.011e+05 1.010e+05 1.009e+05 1.010e+05 1.012e+05 1.121e+05 1.134e+05 1.147e+05 1.156e+05 1.161e+05 1.160e+05 1.153e+05 1.142e+05 1.129e+05 1.116e+05 1.105e+05 1.095e+05 1.088e+05 1.084e+05 1.082e+05 1.083e+05 1.086e+05 1.091e+05 1.099e+05 1.109e+05
3.289e+05 3.354e+05 3.452e+05 3.604e+05 3.846e+05 4.245e+05 4.857e+05 5.318e+05 4.976e+05 4.343e+05 3.905e+05 3.641e+05 3.476e+05 3.369e+05 3.299e+05 3.254e+05 3.229e+05 3.220e+05 3.227e+05 3.249e+05 1.053e+05 1.055e+05 1.059e+05 1.065e+05 1.073e+05 1.081e+05 1.090e+05 1.099e+05 1.106e+05 1.109e+05 1.109e+05 1.105e+05 1.097e+05 1.089e+05 1.079e+05 1.071e+05 1.064e+05 1.059e+05 1.055e+05 1.053e+05 1.784e+05 1.725e+05 1.692e+05 1.682e+05 1.692e+05 1.725e+05 1.784e+05 1.881e+05 2.033e+05 2.284e+05 2.745e+05 3.843e+05 9.308e+05 1.398e+06 9.308e+05 3.843e+05 2.745e+05 2.284e+05 2.033e+05 1.881e+05 1.020e+05 1.024e+05 1.029e+05 1.034e+05 1.040e+05 1.044e+05 1.047e+05 1.047e+05 1.046e+05 1.042e+05 1.037e+05 1.032e+05 1.027e+05 1.022e+05 1.018e+05 1.015e+05 1.014e+05 1.013e+05 1.014e+05 1.016e+05 1.130e+05 1.143e+05 1.156e+05 1.166e+05 1.170e+05 1.168e+05 1.160e+05 1.148e+05 1.134e+05 1.121e+05 1.109e+05 1.100e+05 1.093e+05 1.088e+05 1.087e+05 1.088e+05 1.091e+05 1.097e+05 1.106e+05 1.117e+05
3.322e+05 3.393e+05 3.502e+05 3.673e+05 3.953e+05 4.439e+05 5.242e+05 5.806e+05 5.227e+05 4.433e+05 3.950e+05 3.672e+05 3.502e+05 3.392e+05 3.321e+05 3.276e+05 3.252e+05 3.244e+05 3.252e+05 3.277e+05 1.060e+05 1.062e+05 1.066e+05 1.073e+05 1.081e+05 1.090e+05 1.100e+05 1.109e+05 1.117e+05 1.121e+05 1.121e+05 1.116e+05 1.108e+05 1.099e+05 1.089e+05 1.079e+05 1.072e+05 1.066e+05 1.062e+05 1.060e+05 1.881e+05 1.784e+05 1.725e+05 1.692e+05 1.682e+05 1.692e+05 1.725e+05 1.784e+05 1.881e+05 2.033e+05 2.284e+05 2.745e+05 3.843e+05 9.308e+05 1.398e+06 9.308e+05 3.843e+05 2.745e+05 2.284e+05 2.033e+05 1.024e+05 1.029e+05 1.034e+05 1.040e+05 1.045e+05 1.050e+05 1.052e+05 1.053e+05 1.051e+05 1.047e+05 1.042e+05 1.037e+05 1.031e+05 1.026e+05 1.022e+05 1.019e+05 1.017e+05 1.017e+05 1.018e+05 1.021e+05 1.134e+05 1.148e+05 1.161e+05 1.170e+05 1.173e+05 1.170e+05 1.161e+05 1.148e+05 1.134e+05 1.121e+05 1.109e+05 1.100e+05 1.094e+05 1.090e+05 1.088e+05 1.090e+05 1.094e+05 1.100e+05 1.109e+05 1.121e+05
3.354e+05 3.434e+05 3.557e+05 3.753e+05 4.083e+05 4.690e+05 5.733e+05 6.267e+05 5.337e+05 4.440e+05 3.952e+05 3.677e+05 3.510e+05 3.403e+05 3.334e+05 3.291e+05 3.269e+05 3.263e+05 3.274e+05 3.303e+05 1.068e+05 1.070e+05 1.075e+05 1.081e+05 1.090e+05 1.100e+05 1.111e+05 1.121e+05 1.130e+05 1.134e+05 1.134e+05 1.129e+05 1.120e+05 1.109e+05 1.099e+05 1.089e+05 1.080e+05 1.074e+05 1.070e+05 1.068e+05 2.033e+05 1.881e+05 1.784e+05 1.725e+05 1.692e+05 1.682e+05 1.692e+05 1.725e+05 1.784e+05 1.881e+05 2.033e+05 2.284e+05 2.745e+05 3.843e+05 9.308e+05 1.398e+06 9.308e+05 3.843e+05 2.745e+05 2.284e+05 1.028e+05 1.032e+05 1.038e+05 1.044e+05 1.050e+05 1.054e+05 1.057e+05 1.057e+05 1.055e+05 1.051e+05 1.046e+05 1.040e+05 1.034e+05 1.029e+05 1.025e+05 1.022e+05 1.020e+05 1.020e+05 1.021e+05 1.024e+05 1.134e+05 1.148e+05 1.160e+05 1.168e+05 1.170e+05 1.166e+05 1.156e+05 1.143e+05 1.130e+05 1.117e+05 1.106e+05 1.097e+05 1.091e+05 1.088e+05 1.087e+05 1.088e+05 1.093e+05 1.100e+05 1.109e+05 1.121e+05
3.382e+05 3.472e+05 3.611e+05 3.837e+05 4.228e+05 4.979e+05 6.221e+05 6.454e+05 5.234e+05 4.361e+05 3.909e+05 3.655e+05 3.499e+05 3.399e+05 3.335e+05 3.296e+05 3.277e+05 3.275e+05 3.290e+05 3.324e+05 1.076e+05 1.078e+05 1.083e+05 1.090e+05 1.100e+05 1.111e+05 1.123e+05 1.134e+05 1.143e+05 1.148e+05 1.148e+05 1.142e+05 1.132e+05 1.120e+05 1.108e+05 1.097e+05 1.089e+05 1.082e+05 1.077e+05 1.075e+05 2.284e+05 2.033e+05 1.881e+05 1.784e+05 1.725e+05 1.692e+05 1.682e+05 1.692e+05 1.725e+05 1.784e+05 1.881e+05 2.033e+05 2.284e+05 2.745e+05 3.843e+05 9.308e+05 1.398e+06 9.308e+05 3.843e+05 2.745e+05 1.030e+05 1.035e+05 1.041e+05 1.047e+05 1.052e+05 1.057e+05 1.060e+05 1.060e+05 1.057e+05 1.053e+05 1.047e+05 1.041e+05 1.035e+05 1.030e+05 1.026e+05 1.023e+05 1.022e+05 1.022e+05 1.023e+05 1.026e+05 1.129e+05 1.142e+05 1.153e+05 1.160e+05 1.161e+05 1.156e+05 1.147e+05 1.134e+05 1.121e+05 1.109e+05 1.099e+05 1.091e+05 1.086e+05 1.083e+05 1.082e+05 1.084e+05 1.088e+05 1.095e+05 1.105e+05 1.116e+05
3.399e+05 3.499e+05 3.655e+05 3.909e+05 4.361e+05 5.234e+05 6.454e+05 6.221e+05 4.979e+05 4.228e+05 3.837e+05 3.611e+05 3.472e+05 3.382e+05 3.324e+05 3.290e+05 3.275e+05 3.277e+05 3.296e+05 3.335e+05 1.083e+05 1.086e+05 1.091e+05 1.099e+05 1.109e+05 1.121e+05 1.134e+05 1.147e+05 1.156e+05 1.161e+05 1.160e+05 1.153e+05 1.142e+05 1.129e+05 1.116e+05 1.105e+05 1.095e+05 1.088e+05 1.084e+05 1.082e+05 2.745e+05 2.284e+05 2.033e+05 1.881e+05 1.784e+05 1.725e+05 1.692e+05 1.682e+05 1.692e+05 1.725e+05 1.784e+05 1.881e+05 2.033e+05 2.284e+05 2.745e+05 3.843e+05 9.308e+05 1.398e+06 9.308e+05 3.843e+05 1.030e+05 1.035e+05 1.041e+05 1.047e+05 1.053e+05 1.057e+05 1.060e+05 1.060e+05 1.057e+05 1.052e+05 1.047e+05 1.041e+05 1.035e+05 1.030e+05 1.026e+05 1.023e+05 1.022e+05 1.022e+05 1.023e+05 1.026e+05 1.120e+05 1.132e+05 1.142e+05 1.148e+05 1.148e+05 1.143e+05 1.134e+05 1.123e+05 1.111e+05 1.100e+05 1.090e+05 1.083e+05 1.078e+05 1.076e+05 1.075e+05 1.077e+05 1.082e+05 1.089e+05 1.097e+05 1.108e+05
3.403e+05 3.510e+05 3.677e+05 3.952e+05 4.440e+05 5.337e+05 6.267e+05 5.733e+05 4.690e+05 4.083e+05 3.753e+05 3.557e+05 3.434e+05 3.354e+05 3.303e+05 3.274e+05 3.263e+05 3.269e+05 3.291e+05 3.334e+05 1.088e+05 1.091e+05 1.097e+05 1.106e+05 1.117e+05 1.130e+05 1.143e+05 1.156e+05 1.166e+05 1.170e+05 1.168e+05 1.160e+05 1.148e+05 1.134e+05 1.121e+05 1.109e+05 1.100e+05 1.093e+05 1.088e+05 1.087e+05 3.843e+05 2.745e+05 2.284e+05 2.033e+05 1.881e+05 1.784e+05 1.725e+05 1.692e+05 1.682e+05 1.692e+05 1.725e+05 1.784e+05 1.881e+05 2.033e+05 2.284e+05 2.745e+05 3.843e+05 9.308e+05 1.398e+06 9.308e+05 1.029e+05 1.034e+05 1.040e+05 1.046e+05 1.051e+05 1.055e+05 1.057e+05 1.057e+05 1.054e+05 1.050e+05 1.044e+05 1.038e+05 1.032e+05 1.028e+05 1.024e+05 1.021e+05 1.020e+05 1.020e+05 1.022e+05 1.025e+05 1.109e+05 1.120e+05 1.129e+05 1.134e+05 1.134e+05 1.130e+05 1.121e+05 1.111e+05 1.100e+05 1.090e+05 1.081e+05 1.075e+05 1.070e+05 1.068e+05 1.068e+05 1.070e+05 1.074e+05 1.080e+05 1.089e+05 1.099e+05
3.392e+05 3.502e+05 3.672e+05 3.950e+05 4.433e+05 5.227e+05 5.806e+05 5.242e+05 4.439e+05 3.953e+05 3.673e+05 3.502e+05 3.393e+05 3.322e+05 3.277e+05 3.252e+05 3.244e+05 3.252e+05 3.276e+05 3.321e+05 1.090e+05 1.094e+05 1.100e+05 1.109e+05 1.121e+05 1.134e+05 1.148e+05 1.161e+05 1.170e+05 1.173e+05 1.170e+05 1.161e+05 1.148e+05 1.134e+05 1.121e+05 1.109e+05 1.100e+05 1.094e+05 1.090e+05 1.088e+05 9.308e+05 3.843e+05 2.745e+05 2.284e+05 2.033e+05 1.881e+05 1.784e+05 1.725e+05 1.692e+05 1.682e+05 1.692e+05 1.725e+05 1.784e+05 1.881e+05 2.033e+05 2.284e+05 2.745e+05 3.843e+05 9.308e+05 1.398e+06 1.026e+05 1.031e+05 1.037e+05 1.042e+05 1.047e+05 1.051e+05 1.053e+05 1.052e+05 1.050e+05 1.045e+05 1.040e+05 1.034e+05 1.029e+05 1.024e+05 1.021e+05 1.018e+05 1.017e+05 1.017e+05 1.019e+05 1.022e+05 1.099e+05 1.108e+05 1.116e+05 1.121e+05 1.121e+05 1.117e+05 1.109e+05 1.100e+05 1.090e+05 1.081e+05 1.073e+05 1.066e+05 1.062e+05 1.060e+05 1.060e+05 1.062e+05 1.066e+05 1.072e+05 1.079e+05 1.089e+05
3.668e+05 3.483e+05 3.358e+05 3.274e+05 3.218e+05 3.182e+05 3.162e+05 3.155e+05 3.162e+05 3.182e+05 3.218e+05 3.274e+05 3.358e+05 3.482e+05 3.666e+05 3.933e+05 4.251e+05 4.420e+05 4.255e+05 3.936e+05 1.089e+05 1.080e+05 1.074e+05 1.070e+05 1.068e+05 1.068e+05 1.070e+05 1.075e+05 1.081e+05 1.090e+05 1.100e+05 1.111e+05 1.121e+05 1.130e+05 1.134e+05 1.134e+05 1.129e+05 1.120e+05 1.109e+05 1.099e+05 1.022e+05 1.017e+05 1.013e+05 1.009e+05 1.006e+05 1.003e+05 1.002e+05 1.002e+05 1.002e+05 1.004e+05 1.007e+05 1.011e+05 1.015e+05 1.020e+05 1.024e+05 1.028e+05 1.030e+05 1.030e+05 1.029e+05 1.026e+05 1.398e+06 9.308e+05 3.843e+05 2.745e+05 2.284e+05 2.033e+05 1.881e+05 1.784e+05 1.725e+05 1.692e+05 1.682e+05 1.692e+05 1.725e+05 1.784e+05 1.881e+05 2.033e+05 2.284e+05 2.745e+05 3.843e+05 9.308e+05 1.088e+05 1.084e+05 1.077e+05 1.070e+05 1.062e+05 1.055e+05 1.049e+05 1.045e+05 1.042e+05 1.041e+05 1.042e+05 1.044e+05 1.048e+05 1.053e+05 1.060e+05 1.068e+05 1.076e+05 1.083e+05 1.088e+05 1.090e+05
3.748e+05 3.537e+05 3.398e+05 3.305e+05 3.244e+05 3.204e+05 3.182e+05 3.174e+05 3.180e+05 3.200e+05 3.236e+05 3.293e+05 3.379e+05 3.509e+05 3.705e+05 4.000e+05 4.384e+05 4.629e+05 4.449e+05 4.063e+05 1.097e+05 1.089e+05 1.082e+05 1.077e+05 1.075e+05 1.076e+05 1.078e+05 1.083e+05 1.090e+05 1.100e+05 1.111e+05 1.123e+05 1.134e+05 1.143e+05 1.148e+05 1.148e+05 1.142e+05 1.132e+05 1.120e+05 1.108e+05 1.027e+05 1.022e+05 1.017e+05 1.013e+05 1.009e+05 1.007e+05 1.006e+05 1.005e+05 1.006e+05 1.008e+05 1.011e+05 1.015e+05 1.019e+05 1.024e+05 1.029e+05 1.032e+05 1.035e+05 1.035e+05 1.034e+05 1.031e+05 9.308e+05 1.398e+06 9.308e+05 3.843e+05 2.745e+05 2.284e+05 2.033e+05 1.881e+05 1.784e+05 1.725e+05 1.692e+05 1.682e+05 1.692e+05 1.725e+05 1.784e+05 1.881e+05 2.033e+05 2.284e+05 2.745e+05 3.843e+05 1.093e+05 1.088e+05 1.082e+05 1.074e+05 1.066e+05 1.059e+05 1.052e+05 1.048e+05 1.045e+05 1.044e+05 1.044e+05 1.046e+05 1.050e+05 1.055e+05 1.062e+05 1.070e+05 1.078e+05 1.086e+05 1.091e+05 1.094e+05
3.832e+05 3.592e+05 3.439e+05 3.338e+05 3.272e+05 3.229e+05 3.205e+05 3.196e+05 3.202e+05 3.222e+05 3.260e+05 3.320e+05 3.411e+05 3.549e+05 3.764e+05 4.101e+05 4.579e+05 4.921e+05 4.695e+05 4.206e+05 1.105e+05 1.095e+05 1.088e+05 1.084e+05 1.082e+05 1.083e+05 1.086e+05 1.091e+05 1.099e+05 1.109e+05 1.121e+05 1.134e+05 1.147e+05 1.156e+05 1.161e+05 1.160e+05 1.153e+05 1.142e+05 1.129e+05 1.116e+05 1.032e+05 1.027e+05 1.022e+05 1.017e+05 1.014e+05 1.011e+05 1.010e+05 1.009e+05 1.010e+05 1.012e+05 1.015e+05 1.019e+05 1.024e+05 1.029e+05 1.034e+05 1.038e+05 1.041e+05 1.041e+05 1.040e+05 1.037e+05 3.843e+05 9.308e+05 1.398e+06 9.308e+05 3.843e+05 2.745e+05 2.284e+05 2.033e+05 1.881e+05 1.784e+05 1.725e+05 1.692e+05 1.682e+05 1.692e+05 1.725e+05 1.784e+05 1.881e+05 2.033e+05 2.284e+05 2.745e+05 1.100e+05 1.095e+05 1.089e+05 1.080e+05 1.072e+05 1.064e+05 1.057e+05 1.052e+05 1.049e+05 1.048e+05 1.048e+05 1.050e+05 1.054e+05 1.059e+05 1.066e+05 1.075e+05 1.083e+05 1.091e+05 1.097e+05 1.100e+05
3.905e+05 3.641e+05 3.476e+05 3.369e+05 3.299e+05 3.254e+05 3.229e+05 3.220e+05 3.227e+05 3.249e+05 3.289e+05 3.354e+05 3.452e+05 3.604e+05 3.846e+05 4.245e+05 4.857e+05 5.318e+05 4.976e+05 4.343e+05 1.109e+05 1.100e+05 1.093e+05 1.088e+05 1.087e+05 1.088e+05 1.091e+05 1.097e+05 1.106e+05 1.117e+05 1.130e+05 1.143e+05 1.156e+05 1.166e+05 1.170e+05 1.168e+05 1.160e+05 1.148e+05 1.134e+05 1.121e+05 1.037e+05 1.032e+05 1.027e+05 1.022e+05 1.018e+05 1.015e+05 1.014e+05 1.013e+05 1.014e+05 1.016e+05 1.020e+05 1.024e+05 1.029e+05 1.034e+05 1.040e+05 1.044e+05 1.047e+05 1.047e+05 1.046e+05 1.042e+05 2.745e+05 3.843e+05 9.308e+05 1.398e+06 9.308e+05 3.843e+05 2.745e+05 2.284e+05 2.033e+05 1.881e+05 1.784e+05 1.725e+05 1.692e+05 1.682e+05 1.692e+05 1.725e+05 1.784e+05 1.881e+05 2.033e+05 2.284e+05 1.109e+05 1.105e+05 1.097e+05 1.089e+05 1.079e+05 1.071e+05 1.064e+05 1.059e+05 1.055e+05 1.053e+05 1.053e+05 1.055e+05 1.059e+05 1.065e+05 1.073e+05 1.081e+05 1.090e+05 1.099e+05 1.106e+05 1.109e+05
3.950e+05 3.672e+05 3.502e+05 3.392e+05 3.321e+05 3.276e+05 3.252e+05 3.244e+05 3.252e+05 3.277e+05 3.322e+05 3.393e+05 3.502e+05 3.673e+05 3.953e+05 4.439e+05 5.242e+05 5.806e+05 5.227e+05 4.433e+05 1.109e+05 1.100e+05 1.094e+05 1.090e+05 1.088e+05 1.090e+05 1.094e+05 1.100e+05 1.109e+05 1.121e+05 1.134e+05 1.148e+05 1.161e+05 1.170e+05 1.173e+05 1.170e+05 1.161e+05 1.148e+05 1.134e+05 1.121e+05 1.042e+05 1.037e+05 1.031e+05 1.026e+05 1.022e+05 1.019e+05 1.017e+05 1.017e+05 1.018e+05 1.021e+05 1.024e+05 1.029e+05 1.034e+05 1.040e+05 1.045e+05 1.050e+05 1.052e+05 1.053e+05 1.051e+05 1.047e+05 2.284e+05 2.745e+05 3.843e+05 9.308e+05 1.398e+06 9.308e+05 3.843e+05 2.745e+05 2.284e+05 2.033e+05 1.881e+05 1.784e+05 1.725e+05 1.692e+05 1.682e+05 1.692e+05 1.725e+05 1.784e+05 1.881e+05 2.033e+05 1.121e+05 1.116e+05 1.108e+05 1.099e+05 1.089e+05 1.079e+05 1.072e+05 1.066e+05 1.062e+05 1.060e+05 1.060e+05 1.062e+05 1.066e+05 1.073e+05 1.081e+05 1.090e+05 1.100e+05 1.109e+05 1.117e+05 1.121e+05
3.952e+05 3.677e+05 3.510e+05 3.403e+05 3.334e+05 3.291e+05 3.269e+05 3.263e+05 3.274e+05 3.303e+05 3.354e+05 3.434e+05 3.557e+05 3.753e+05 4.083e+05 4.690e+05 5.733e+05 6.267e+05 5.337e+05 4.440e+05 1.106e+05 1.097e+05 1.091e+05 1.088e+05 1.087e+05 1.088e+05 1.093e+05 1.100e+05 1.109e+05 1.121e+05 1.134e+05 1.148e+05 1.160e+05 1.168e+05 1.170e+05 1.166e+05 1.156e+05 1.143e+05 1.130e+05 1.117e+05 1.046e+05 1.040e+05 1.034e+05 1.029e+05 1.025e+05 1.022e+05 1.020e+05 1.020e+05 1.021e+05 1.024e+05 1.028e+05 1.032e+05 1.038e+05 1.044e+05 1.050e+05 1.054e+05 1.057e+05 1.057e+05 1.055e+05 1.051e+05 2.033e+05 2.284e+05 2.745e+05 3.843e+05 9.308e+05 1.398e+06 9.308e+05 3.843e+05 2.745e+05 2.284e+05 2.033e+05 1.881e+05 1.784e+05 1.725e+05 1.692e+05 1.682e+05 1.692e+05 1.725e+05 1.784e+05 1.881e+05 1.134e+05 1.129e+05 1.120e+05 1.109e+05 1.099e+05 1.089e+05 1.080e+05 1.074e+05 1.070e+05 1.068e+05 1.068e+05 1.070e+05 1.075e+05 1.081e+05 1.090e+05 1.100e+05 1.111e+05 1.121e+05 1.130e+05 1.134e+05
3.909e+05 3.655e+05 3.499e+05 3.399e+05 3.335e+05 3.296e+05 3.277e+05 3.275e+05 3.290e+05 3.324e+05 3.382e+05 3.472e+05 3.611e+05 3.837e+05 4.228e+05 4.979e+05 6.221e+05 6.454e+05 5.234e+05 4.361e+05 1.099e+05 1.091e+05 1.086e+05 1.083e+05 1.082e+05 1.084e+05 1.088e+05 1.095e+05 1.105e+05 1.116e+05 1.129e+05 1.142e+05 1.153e+05 1.160e+05 1.161e+05 1.156e+05 1.147e+05 1.134e+05 1.121e+05 1.109e+05 1.047e+05 1.041e+05 1.035e+05 1.030e+05 1.026e+05 1.023e+05 1.022e+05 1.022e+05 1.023e+05 1.026e+05 1.030e+05 1.035e+05 1.041e+05 1.047e+05 1.052e+05 1.057e+05 1.060e+05 1.060e+05 1.057e+05 1.053e+05 1.881e+05 2.033e+05 2.284e+05 2.745e+05 3.843e+05 9.308e+05 1.398e+06 9.308e+05 3.843e+05 2.745e+05 2.284e+05 2.033e+05 1.881e+05 1.784e+05 1.725e+05 1.692e+05 1.682e+05 1.692e+05 1.725e+05 1.784e+05 1.148e+05 1.142e+05 1.132e+05 1.120e+05 1.108e+05 1.097e+05 1.089e+05 1.082e+05 1.077e+05 1.075e+05 1.076e+05 1.078e+05 1.083e+05 1.090e+05 1.100e+05 1.111e+05 1.123e+05 1.134e+05 1.143e+05 1.148e+05
3.837e+05 3.611e+05 3.472e+05 3.382e+05 3.324e+05 3.290e+05 3.275e+05 3.277e+05 3.296e+05 3.335e+05 3.399e+05 3.499e+05 3.655e+05 3.909e+05 4.361e+05 5.234e+05 6.454e+05 6.221e+05 4.979e+05 4.228e+05 1.090e+05 1.083e+05 1.078e+05 1.076e+05 1.075e+05 1.077e+05 1.082e+05 1.089e+05 1.097e+05 1.108e+05 1.120e+05 1.132e+05 1.142e+05 1.148e+05 1.148e+05 1.143e+05 1.134e+05 1.123e+05 1.111e+05 1.100e+05 1.047e+05 1.041e+05 1.035e+05 1.030e+05 1.026e+05 1.023e+05 1.022e+05 1.022e+05 1.023e+05 1.026e+05 1.030e+05 1.035e+05 1.041e+05 1.047e+05 1.053e+05 1.057e+05 1.060e+05 1.060e+05 1.057e+05 1.052e+05 1.784e+05 1.881e+05 2.033e+05 2.284e+05 2.745e+05 3.843e+05 9.308e+05 1.398e+06 9.308e+05 3.843e+05 2.745e+05 2.284e+05 2.033e+05 1.881e+05 1.784e+05 1.725e+05 1.692e+05 1.682e+05 1.692e+05 1.725e+05 1.160e+05 1.153e+05 1.142e+05 1.129e+05 1.116e+05 1.105e+05 1.095e+05 1.088e+05 1.084e+05 1.082e+05 1.083e+05 1.086e+05 1.091e+05 1.099e+05 1.109e+05 1.121e+05 1.134e+05 1.147e+05 1.156e+05 1.161e+05
3.753e+05 3.557e+05 3.434e+05 3.354e+05 3.303e+05 3.274e+05 3.263e+05 3.269e+05 3.291e+05 3.334e+05 3.403e+05 3.510e+05 3.677e+05 3.952e+05 4.440e+05 5.337e+05 6.267e+05 5.733e+05 4.690e+05 4.083e+05 1.081e+05 1.075e+05 1.070e+05 1.068e+05 1.068e+05 1.070e+05 1.074e+05 1.080e+05 1.089e+05 1.099e+05 1.109e+05 1.120e+05 1.129e+05 1.134e+05 1.134e+05 1.130e+05 1.121e+05 1.111e+05 1.100e+05 1.090e+05 1.044e+05 1.038e+05 1.032e+05 1.028e+05 1.024e+05 1.021e+05 1.020e+05 1.020e+05 1.022e+05 1.025e+05 1.029e+05 1.034e+05 1.040e+05 1.046e+05 1.051e+05 1.055e+05 1.057e+05 1.057e+05 1.054e+05 1.050e+05 1.725e+05 1.784e+05 1.881e+05 2.033e+05 2.284e+05 2.745e+05 3.843e+05 9.308e+05 1.398e+06 9.308e+05 3.843e+05 2.745e+05 2.284e+05 2.033e+05 1.881e+05 1.784e+05 1.725e+05 1.692e+05 1.682e+05 1.692e+05 1.168e+05 1.160e+05 1.148e+05 1.134e+05 1.121e+05 1.109e+05 1.100e+05 1.093e+05 1.088e+05 1.087e+05 1.088e+05 1.091e+05 1.097e+05 1.106e+05 1.117e+05 1.130e+05 1.143e+05 1.156e+05 1.166e+05 1.170e+05
3.673e+05 3.502e+05 3.393e+05 3.322e+05 3.277e+05 3.252e+05 3.244e+05 3.252e+05 3.276e+05 3.321e+05 3.392e+05 3.502e+05 3.672e+05 3.950e+05 4.433e+05 5.227e+05 5.806e+05 5.242e+05 4.439e+05 3.953e+05 1.073e+05 1.066e+05 1.062e+05 1.060e+05 1.060e+05 1.062e+05 1.066e+05 1.072e+05 1.079e+05 1.089e+05 1.099e+05 1.108e+05 1.116e+05 1.121e+05 1.121e+05 1.117e+05 1.109e+05 1.100e+05 1.090e+05 1.081e+05 1.040e+05 1.034e+05 1.029e+05 1.024e+05 1.021e+05 1.018e+05 1.017e+05 1.017e+05 1.019e+05 1.022e+05 1.026e+05 1.031e+05 1.037e+05 1.042e+05 1.047e+05 1.051e+05 1.053e+05 1.052e+05 1.050e+05 1.045e+05 1.692e+05 1.725e+05 1.784e+05 1.881e+05 2.033e+05 2.284e+05 2.745e+05 3.843e+05 9.308e+05 1.398e+06 9.308e+05 3.843e+05 2.745e+05 2.284e+05 2.033e+05 1.881e+05 1.784e+05 1.725e+05 1.692e+05 1.682e+05 1.170e+05 1.161e+05 1.148e+05 1.134e+05 1.121e+05 1.109e+05 1.100e+05 1.094e+05 1.090e+05 1.088e+05 1.090e+05 1.094e+05 1.100e+05 1.109e+05 1.121e+05 1.134e+05 1.148e+05 1.161e+05 1.170e+05 1.173e+05
3.604e+05 3.452e+05 3.354e+05 3.289e+05 3.249e+05 3.227e+05 3.220e+05 3.229e+05 3.254e+05 3.299e+05 3.369e+05 3.476e+05 3.641e+05 3.905e+05 4.343e+05 4.976e+05 5.318e+05 4.857e+05 4.245e+05 3.846e+05 1.065e+05 1.059e+05 1.055e+05 1.053e+05 1.053e+05 1.055e+05 1.059e+05 1.064e+05 1.071e+05 1.079e+05 1.089e+05 1.097e+05 1.105e+05 1.109e+05 1.109e+05 1.106e+05 1.099e+05 1.090e+05 1.081e+05 1.073e+05 1.034e+05 1.029e+05 1.024e+05 1.020e+05 1.016e+05 1.014e+05 1.013e+05 1.014e+05 1.015e+05 1.018e+05 1.022e+05 1.027e+05 1.032e+05 1.037e+05 1.042e+05 1.046e+05 1.047e+05 1.047e+05 1.044e+05 1.040e+05 1.682e+05 1.692e+05 1.725e+05 1.784e+05 1.881e+05 2.033e+05 2.284e+05 2.745e+05 3.843e+05 9.308e+05 1.398e+06 9.308e+05 3.843e+05 2.745e+05 2.284e+05 2.033e+05 1.881e+05 1.784e+05 1.725e+05 1.692e+05 1.166e+05 1.156e+05 1.143e+05 1.130e+05 1.117e+05 1.106e+05 1.097e+05 1.091e+05 1.088e+05 1.087e+05 1.088e+05 1.093e+05 1.100e+05 1.109e+05 1.121e+05 1.134e+05 1.148e+05 1.160e+05 1.168e+05 1.170e+05
3.549e+05 3.411e+05 3.320e+05 3.260e+05 3.222e+05 3.202e+05 3.196e+05 3.205e+05 3.229e+05 3.272e+05 3.338e+05 3.439e+05 3.592e+05 3.832e+05 4.206e+05 4.695e+05 4.921e+05 4.579e+05 4.101e+05 3.764e+05 1.059e+05 1.054e+05 1.050e+05 1.048e+05 1.048e+05 1.049e+05 1.052e+05 1.057e+05 1.064e+05 1.072e+05 1.080e+05 1.089e+05 1.095e+05 1.100e+05 1.100e+05 1.097e+05 1.091e+05 1.083e+05 1.075e+05 1.066e+05 1.029e+05 1.024e+05 1.019e+05 1.015e+05 1.012e+05 1.010e+05 1.009e+05 1.010e+05 1.011e+05 1.014e+05 1.017e+05 1.022e+05 1.027e+05 1.032e+05 1.037e+05 1.040e+05 1.041e+05 1.041e+05 1.038e+05 1.034e+05 1.692e+05 1.682e+05 1.692e+05 1.725e+05 1.784e+05 1.881e+05 2.033e+05 2.284e+05 2.745e+05 3.843e+05 9.308e+05 1.398e+06 9.308e+05 3.843e+05 2.745e+05 2.284e+05 2.033e+05 1.881e+05 1.784e+05 1.725e+05 1.156e+05 1.147e+05 1.134e+05 1.121e+05 1.109e+05 1.099e+05 1.091e+05 1.086e+05 1.083e+05 1.082e+05 1.084e+05 1.088e+05 1.095e+05 1.105e+05 1.116e+05 1.129e+05 1.142e+05 1.153e+05 1.160e+05 1.161e+05
3.509e+05 3.379e+05 3.293e+05 3.236e+05 3.200e+05 3.180e+05 3.174e+05 3.182e+05 3.204e+05 3.244e+05 3.305e+05 3.398e+05 3.537e+05 3.748e+05 4.063e+05 4.449e+05 4.629e+05 4.384e+05 4.000e+05 3.705e+05 1.055e+05 1.050e+05 1.046e+05 1.044e+05 1.044e+05 1.045e+05 1.048e+05 1.052e+05 1.059e+05 1.066e+05 1.074e+05 1.082e+05 1.088e+05 1.093e+05 1.094e+05 1.091e+05 1.086e+05 1.078e+05 1.070e+05 1.062e+05 1.024e+05 1.019e+05 1.015e+05 1.011e+05 1.008e+05 1.006e+05 1.005e+05 1.006e+05 1.007e+05 1.009e+05 1.013e+05 1.017e+05 1.022e+05 1.027e+05 1.031e+05 1.034e+05 1.035e+05 1.035e+05 1.032e+05 1.029e+05 1.725e+05 1.692e+05 1.682e+05 1.692e+05 1.725e+05 1.784e+05 1.881e+05 2.033e+05 2.284e+05 2.745e+05 3.843e+05 9.308e+05 1.398e+06 9.308e+05 3.843e+05 2.745e+05 2.284e+05 2.033e+05 1.881e+05 1.784e+05 1.143e+05 1.134e+05 1.123e+05 1.111e+05 1.100e+05 1.090e+05 1.083e+05 1.078e+05 1.076e+05 1.075e+05 1.077e+05 1.082e+05 1.089e+05 1.097e+05 1.108e+05 1.120e+05 1.132e+05 1.142e+05 1.148e+05 1.148e+05
3.482e+05 3.358e+05 3.274e+05 3.218e+05 3.182e+05 3.162e+05 3.155e+05 3.162e+05 3.182e+05 3.218e+05 3.274e+05 3.358e+05 3.483e+05 3.668e+05 3.936e+05 4.255e+05 4.420e+05 4.251e+05 3.933e+05 3.666e+05 1.053e+05 1.048e+05 1.044e+05 1.042e+05 1.041e+05 1.042e+05 1.045e+05 1.049e+05 1.055e+05 1.062e+05 1.070e+05 1.077e+05 1.084e+05 1.088e+05 1.090e+05 1.088e+05 1.083e+05 1.076e+05 1.068e+05 1.060e+05 1.020e+05 1.015e+05 1.011e+05 1.007e+05 1.004e+05 1.002e+05 1.002e+05 1.002e+05 1.003e+05 1.006e+05 1.009e+05 1.013e+05 1.017e+05 1.022e+05 1.026e+05 1.029e+05 1.030e+05 1.030e+05 1.028e+05 1.024e+05 1.784e+05 1.725e+05 1.692e+05 1.682e+05 1.692e+05 1.725e+05 1.784e+05 1.881e+05 2.033e+05 2.284e+05 2.745e+05 3.843e+05 9.308e+05 1.398e+06 9.308e+05 3.843e+05 2.745e+05 2.284e+05 2.033e+05 1.881e+05 1.130e+05 1.121e+05 1.111e+05 1.100e+05 1.090e+05 1.081e+05 1.075e+05 1.070e+05 1.068e+05 1.068e+05 1.070e+05 1.074e+05 1.080e+05 1.089e+05 1.099e+05 1.109e+05 1.120e+05 1.129e+05 1.134e+05 1.134e+05
3.469e+05 3.346e+05 3.263e+05 3.207e+05 3.170e+05 3.149e+05 3.141e+05 3.145e+05 3.163e+05 3.196e+05 3.247e+05 3.324e+05 3.436e+05 3.600e+05 3.833e+05 4.110e+05 4.276e+05 4.166e+05 3.895e+05 3.647e+05 1.053e+05 1.048e+05 1.044e+05 1.041e+05 1.040e+05 1.041e+05 1.044e+05 1.048e+05 1.053e+05 1.060e+05 1.068e+05 1.075e+05 1.082e+05 1.087e+05 1.088e+05 1.087e+05 1.082e+05 1.075e+05 1.068e+05 1.060e+05 1.016e+05 1.012e+05 1.008e+05 1.004e+05 1.002e+05 9.997e+04 9.989e+04 9.990e+04 1.000e+05 1.003e+05 1.006e+05 1.009e+05 1.014e+05 1.018e+05 1.022e+05 1.025e+05 1.026e+05 1.026e+05 1.024e+05 1.021e+05 1.881e+05 1.784e+05 1.725e+05 1.692e+05 1.682e+05 1.692e+05 1.725e+05 1.784e+05 1.881e+05 2.033e+05 2.284e+05 2.745e+05 3.843e+05 9.308e+05 1.398e+06 9.308e+05 3.843e+05 2.745e+05 2.284e+05 2.033e+05 1.117e+05 1.109e+05 1.100e+05 1.090e+05 1.081e+05 1.073e+05 1.066e+05 1.062e+05 1.060e+05 1.060e+05 1.062e+05 1.066e+05 1.072e+05 1.079e+05 1.089e+05 1.099e+05 1.108e+05 1.116e+05 1.121e+05 1.121e+05
3.468e+05 3.344e+05 3.259e+05 3.202e+05 3.163e+05 3.141e+05 3.131e+05 3.134e+05 3.150e+05 3.179e+05 3.226e+05 3.296e+05 3.398e+05 3.546e+05 3.754e+05 4.006e+05 4.182e+05 4.119e+05 3.884e+05 3.646e+05 1.055e+05 1.049e+05 1.045e+05 1.042e+05 1.041e+05 1.042e+05 1.044e+05 1.048e+05 1.053e+05 1.060e+05 1.068e+05 1.076e+05 1.083e+05 1.088e+05 1.090e+05 1.088e+05 1.084e+05 1.077e+05 1.070e+05 1.062e+05 1.014e+05 1.010e+05 1.006e+05 1.002e+05 9.997e+04 9.978e+04 9.969e+04 9.970e+04 9.982e+04 1.000e+05 1.003e+05 1.007e+05 1.011e+05 1.015e+05 1.019e+05 1.022e+05 1.023e+05 1.023e+05 1.021e+05 1.018e+05 2.033e+05 1.881e+05 1.784e+05 1.725e+05 1.692e+05 1.682e+05 1.692e+05 1.725e+05 1.784e+05 1.881e+05 2.033e+05 2.284e+05 2.745e+05 3.843e+05 9.308e+05 1.398e+06 9.308e+05 3.843e+05 2.745e+05 2.284e+05 1.106e+05 1.099e+05 1.090e+05 1.081e+05 1.073e+05 1.065e+05 1.059e+05 1.055e+05 1.053e+05 1.053e+05 1.055e+05 1.059e+05 1.064e+05 1.071e+05 1.079e+05 1.089e+05 1.097e+05 1.105e+05 1.109e+05 1.109e+05
3.481e+05 3.352e+05 3.264e+05 3.203e+05 3.163e+05 3.138e+05 3.127e+05 3.128e+05 3.141e+05 3.168e+05 3.211e+05 3.276e+05 3.370e+05 3.506e+05 3.698e+05 3.937e+05 4.127e+05 4.107e+05 3.897e+05 3.663e+05 1.059e+05 1.052e+05 1.048e+05 1.045e+05 1.044e+05 1.044e+05 1.046e+05 1.050e+05 1.055e+05 1.062e+05 1.070e+05 1.078e+05 1.086e+05 1.091e+05 1.094e+05 1.093e+05 1.088e+05 1.082e+05 1.074e+05 1.066e+05 1.013e+05 1.009e+05 1.005e+05 1.002e+05 9.989e+04 9.969e+04 9.960e+04 9.960e+04 9.970e+04 9.990e+04 1.002e+05 1.006e+05 1.010e+05 1.014e+05 1.017e+05 1.020e+05 1.022e+05 1.022e+05 1.020e+05 1.017e+05 2.284e+05 2.033e+05 1.881e+05 1.784e+05 1.725e+05 1.692e+05 1.682e+05 1.692e+05 1.725e+05 1.784e+05 1.881e+05 2.033e+05 2.284e+05 2.745e+05 3.843e+05 9.308e+05 1.398e+06 9.308e+05 3.843e+05 2.745e+05 1.097e+05 1.091e+05 1.083e+05 1.075e+05 1.066e+05 1.059e+05 1.054e+05 1.050e+05 1.048e+05 1.048e+05 1.049e+05 1.052e+05 1.057e+05 1.064e+05 1.072e+05 1.080e+05 1.089e+05 1.095e+05 1.100e+05 1.100e+05
3.506e+05 3.370e+05 3.276e+05 3.211e+05 3.168e+05 3.141e+05 3.128e+05 3.127e+05 3.138e+05 3.163e+05 3.203e+05 3.264e+05 3.352e+05 3.481e+05 3.663e+05 3.897e+05 4.107e+05 4.127e+05 3.937e+05 3.698e+05 1.064e+05 1.057e+05 1.052e+05 1.049e+05 1.048e+05 1.048e+05 1.050e+05 1.054e+05 1.059e+05 1.066e+05 1.075e+05 1.083e+05 1.091e+05 1.097e+05 1.100e+05 1.100e+05 1.095e+05 1.089e+05 1.080e+05 1.072e+05 1.014e+05 1.010e+05 1.006e+05 1.002e+05 9.990e+04 9.970e+04 9.960e+04 9.960e+04 9.969e+04 9.989e+04 1.002e+05 1.005e+05 1.009e+05 1.013e+05 1.017e+05 1.020e+05 1.022e+05 1.022e+05 1.020e+05 1.017e+05 2.745e+05 2.284e+05 2.033e+05 1.881e+05 1.784e+05 1.725e+05 1.692e+05 1.682e+05 1.692e+05 1.725e+05 1.784e+05 1.881e+05 2.033e+05 2.284e+05 2.745e+05 3.843e+05 9.308e+05 1.398e+06 9.308e+05 3.843e+05 1.091e+05 1.086e+05 1.078e+05 1.070e+05 1.062e+05 1.055e+05 1.050e+05 1.046e+05 1.044e+05 1.044e+05 1.045e+05 1.048e+05 1.052e+05 1.059e+05 1.066e+05 1.074e+05 1.082e+05 1.088e+05 1.093e+05 1.094e+05
3.546e+05 3.398e+05 3.296e+05 3.226e+05 3.179e+05 3.150e+05 3.134e+05 3.131e+05 3.141e+05 3.163e+05 3.202e+05 3.259e+05 3.344e+05 3.468e+05 3.646e+05 3.884e+05 4.119e+05 4.182e+05 4.006e+05 3.754e+05 1.071e+05 1.064e+05 1.059e+05 1.055e+05 1.053e+05 1.053e+05 1.055e+05 1.059e+05 1.065e+05 1.073e+05 1.081e+05 1.090e+05 1.099e+05 1.106e+05 1.109e+05 1.109e+05 1.105e+05 1.097e+05 1.089e+05 1.079e+05 1.015e+05 1.011e+05 1.007e+05 1.003e+05 1.000e+05 9.982e+04 9.970e+04 9.969e+04 9.978e+04 9.997e+04 1.002e+05 1.006e+05 1.010e+05 1.014e+05 1.018e+05 1.021e+05 1.023e+05 1.023e+05 1.022e+05 1.019e+05 3.843e+05 2.745e+05 2.284e+05 2.033e+05 1.881e+05 1.784e+05 1.725e+05 1.692e+05 1.682e+05 1.692e+05 1.725e+05 1.784e+05 1.881e+05 2.033e+05 2.284e+05 2.745e+05 3.843e+05 9.308e+05 1.398e+06 9.308e+05 1.088e+05 1.083e+05 1.076e+05 1.068e+05 1.060e+05 1.053e+05 1.048e+05 1.044e+05 1.042e+05 1.041e+05 1.042e+05 1.045e+05 1.049e+05 1.055e+05 1.062e+05 1.070e+05 1.077e+05 1.084e+05 1.088e+05 1.090e+05
3.600e+05 3.436e+05 3.324e+05 3.247e+05 3.196e+05 3.163e+05 3.145e+05 3.141e+05 3.149e+05 3.170e+05 3.207e+05 3.263e+05 3.346e+05 3.469e+05 3.647e+05 3.895e+05 4.166e+05 4.276e+05 4.110e+05 3.833e+05 1.079e+05 1.072e+05 1.066e+05 1.062e+05 1.060e+05 1.060e+05 1.062e+05 1.066e+05 1.073e+05 1.081e+05 1.090e+05 1.100e+05 1.109e+05 1.117e+05 1.121e+05 1.121e+05 1.116e+05 1.108e+05 1.099e+05 1.089e+05 1.018e+05 1.014e+05 1.009e+05 1.006e+05 1.003e+05 1.000e+05 9.990e+04 9.989e+04 9.997e+04 1.002e+05 1.004e+05 1.008e+05 1.012e+05 1.016e+05 1.021e+05 1.024e+05 1.026e+05 1.026e+05 1.025e+05 1.022e+05 9.308e+05 3.843e+05 2.745e+05 2.284e+05 2.033e+05 1.881e+05 1.784e+05 1.725e+05 1.692e+05 1.682e+05 1.692e+05 1.725e+05 1.784e+05 1.881e+05 2.033e+05 2.284e+05 2.745e+05 3.843e+05 9.308e+05 1.398e+06 1.087e+05 1.082e+05 1.075e+05 1.068e+05 1.060e+05 1.053e+05 1.048e+05 1.044e+05 1.041e+05 1.040e+05 1.041e+05 1.044e+05 1.048e+05 1.053e+05 1.060e+05 1.068e+05 1.075e+05 1.082e+05 1.087e+05 1.088e+05
3.291e+05 3.269e+05 3.263e+05 3.274e+05 3.303e+05 3.354e+05 3.434e+05 3.557e+05 3.753e+05 4.083e+05 4.690e+05 5.733e+05 6.267e+05 5.337e+05 4.440e+05 3.952e+05 3.677e+05 3.510e+05 3.403e+05 3.334e+05 1.022e+05 1.020e+05 1.020e+05 1.021e+05 1.024e+05 1.028e+05 1.032e+05 1.038e+05 1.044e+05 1.050e+05 1.054e+05 1.057e+05 1.057e+05 1.055e+05 1.051e+05 1.046e+05 1.040e+05 1.034e+05 1.029e+05 1.025e+05 1.089e+05 1.080e+05 1.074e+05 1.070e+05 1.068e+05 1.068e+05 1.070e+05 1.075e+05 1.081e+05 1.090e+05 1.100e+05 1.111e+05 1.121e+05 1.130e+05 1.134e+05 1.134e+05 1.129e+05 1.120e+05 1.109e+05 1.099e+05 1.088e+05 1.093e+05 1.100e+05 1.109e+05 1.121e+05 1.134e+05 1.148e+05 1.160e+05 1.168e+05 1.170e+05 1.166e+05 1.156e+05 1.143e+05 1.130e+05 1.117e+05 1.106e+05 1.097e+05 1.091e+05 1.088e+05 1.087e+05 1.398e+06 9.308e+05 3.843e+05 2.745e+05 2.284e+05 2.033e+05 1.881e+05 1.784e+05 1.725e+05 1.692e+05 1.682e+05 1.692e+05 1.725e+05 1.784e+05 1.881e+05 2.033e+05 2.284e+05 2.745e+05 3.843e+05 9.308e+05
3.296e+05 3.277e+05 3.275e+05 3.290e+05 3.324e+05 3.382e+05 3.472e+05 3.611e+05 3.837e+05 4.228e+05 4.979e+05 6.221e+05 6.454e+05 5.234e+05 4.361e+05 3.909e+05 3.655e+05 3.499e+05 3.399e+05 3.335e+05 1.023e+05 1.022e+05 1.022e+05 1.023e+05 1.026e+05 1.030e+05 1.035e+05 1.041e+05 1.047e+05 1.052e+05 1.057e+05 1.060e+05 1.060e+05 1.057e+05 1.053e+05 1.047e+05 1.041e+05 1.035e+05 1.030e+05 1.026e+05 1.097e+05 1.089e+05 1.082e+05 1.077e+05 1.075e+05 1.076e+05 1.078e+05 1.083e+05 1.090e+05 1.100e+05 1.111e+05 1.123e+05 1.134e+05 1.143e+05 1.148e+05 1.148e+05 1.142e+05 1.132e+05 1.120e+05 1.108e+05 1.084e+05 1.088e+05 1.095e+05 1.105e+05 1.116e+05 1.129e+05 1.142e+05 1.153e+05 1.160e+05 1.161e+05 1.156e+05 1.147e+05 1.134e+05 1.121e+05 1.109e+05 1.099e+05 1.091e+05 1.086e+05 1.083e+05 1.082e+05 9.308e+05 1.398e+06 9.308e+05 3.843e+05 2.745e+05 2.284e+05 2.033e+05 1.881e+05 1.784e+05 1.725e+05 1.692e+05 1.682e+05 1.692e+05 1.725e+05 1.784e+05 1.881e+05 2.033e+05 2.284e+05 2.745e+05 3.843e+05
3.290e+05 3.275e+05 3.277e+05 3.296e+05 3.335e+05 3.399e+05 3.499e+05 3.655e+05 3.909e+05 4.361e+05 5.234e+05 6.454e+05 6.221e+05 4.979e+05 4.228e+05 3.837e+05 3.611e+05 3.472e+05 3.382e+05 3.324e+05 1.023e+05 1.022e+05 1.022e+05 1.023e+05 1.026e+05 1.030e+05 1.035e+05 1.041e+05 1.047e+05 1.053e+05 1.057e+05 1.060e+05 1.060e+05 1.057e+05 1.052e+05 1.047e+05 1.041e+05 1.035e+05 1.030e+05 1.026e+05 1.105e+05 1.095e+05 1.088e+05 1.084e+05 1.082e+05 1.083e+05 1.086e+05 1.091e+05 1.099e+05 1.109e+05 1.121e+05 1.134e+05 1.147e+05 1.156e+05 1.161e+05 1.160e+05 1.153e+05 1.142e+05 1.129e+05 1.116e+05 1.077e+05 1.082e+05 1.089e+05 1.097e+05 1.108e+05 1.120e+05 1.132e+05 1.142e+05 1.148e+05 1.148e+05 1.143e+05 1.134e+05 1.123e+05 1.111e+05 1.100e+05 1.090e+05 1.083e+05 1.078e+05 1.076e+05 1.075e+05 3.843e+05 9.308e+05 1.398e+06 9.308e+05 3.843e+05 2.745e+05 2.284e+05 2.033e+05 1.881e+05 1.784e+05 1.725e+05 1.692e+05 1.682e+05 1.692e+05 1.725e+05 1.784e+05 1.881e+05 2.033e+05 2.284e+05 2.745e+05
3.274e+05 3.263e+05 3.269e+05 3.291e+05 3.334e+05 3.403e+05 3.510e+05 3.677e+05 3.952e+05 4.440e+05 5.337e+05 6.267e+05 5.733e+05 4.690e+05 4.083e+05 3.753e+05 3.557e+05 3.434e+05 3.354e+05 3.303e+05 1.021e+05 1.020e+05 1.020e+05 1.022e+05 1.025e+05 1.029e+05 1.034e+05 1.040e+05 1.046e+05 1.051e+05 1.055e+05 1.057e+05 1.057e+05 1.054e+05 1.050e+05 1.044e+05 1.038e+05 1.032e+05 1.028e+05 1.024e+05 1.109e+05 1.100e+05 1.093e+05 1.088e+05 1.087e+05 1.088e+05 1.091e+05 1.097e+05 1.106e+05 1.117e+05 1.130e+05 1.143e+05 1.156e+05 1.166e+05 1.170e+05 1.168e+05 1.160e+05 1.148e+05 1.134e+05 1.121e+05 1.070e+05 1.074e+05 1.080e+05 1.089e+05 1.099e+05 1.109e+05 1.120e+05 1.129e+05 1.134e+05 1.134e+05 1.130e+05 1.121e+05 1.111e+05 1.100e+05 1.090e+05 1.081e+05 1.075e+05 1.070e+05 1.068e+05 1.068e+05 2.745e+05 3.843e+05 9.308e+05 1.398e+06 9.308e+05 3.843e+05 2.745e+05 2.284e+05 2.033e+05 1.881e+05 1.784e+05 1.725e+05 1.692e+05 1.682e+05 1.692e+05 1.725e+05 1.784e+05 1.881e+05 2.033e+05 2.284e+05
3.252e+05 3.244e+05 3.252e+05 3.276e+05 3.321e+05 3.392e+05 3.502e+05 3.672e+05 3.950e+05 4.433e+05 5.227e+05 5.806e+05 5.242e+05 4.439e+05 3.953e+05 3.673e+05 3.502e+05 3.393e+05 3.322e+05 3.277e+05 1.018e+05 1.017e+05 1.017e+05 1.019e+05 1.022e+05 1.026e+05 1.031e+05 1.037e+05 1.042e+05 1.047e+05 1.051e+05 1.053e+05 1.052e+05 1.050e+05 1.045e+05 1.040e+05 1.034e+05 1.029e+05 1.024e+05 1.021e+05 1.109e+05 1.100e+05 1.094e+05 1.090e+05 1.088e+05 1.090e+05 1.094e+05 1.100e+05 1.109e+05 1.121e+05 1.134e+05 1.148e+05 1.161e+05 1.170e+05 1.173e+05 1.170e+05 1.161e+05 1.148e+05 1.134e+05 1.121e+05 1.062e+05 1.066e+05 1.072e+05 1.079e+05 1.089e+05 1.099e+05 1.108e+05 1.116e+05 1.121e+05 1.121e+05 1.117e+05 1.109e+05 1.100e+05 1.090e+05 1.081e+05 1.073e+05 1.066e+05 1.062e+05 1.060e+05 1.060e+05 2.284e+05 2.745e+05 3.843e+05 9.308e+05 1.398e+06 9.308e+05 3.843e+05 2.745e+05 2.284e+05 2.033e+05 1.881e+05 1.784e+05 1.725e+05 1.692e+05 1.682e+05 1.692e+05 1.725e+05 1.784e+05 1.881e+05 2.033e+05
3.227e+05 3.220e+05 3.229e+05 3.254e+05 3.299e+05 3.369e+05 3.476e+05 3.641e+05 3.905e+05 4.343e+05 4.976e+05 5.318e+05 4.857e+05 4.245e+05 3.846e+05 3.604e+05 3.452e+05 3.354e+05 3.289e+05 3.249e+05 1.014e+05 1.013e+05 1.014e+05 1.015e+05 1.018e+05 1.022e+05 1.027e+05 1.032e+05 1.037e+05 1.042e+05 1.046e+05 1.047e+05 1.047e+05 1.044e+05 1.040e+05 1.034e+05 1.029e+05 1.024e+05 1.020e+05 1.016e+05 1.106e+05 1.097e+05 1.091e+05 1.088e+05 1.087e+05 1.088e+05 1.093e+05 1.100e+05 1.109e+05 1.121e+05 1.134e+05 1.148e+05 1.160e+05 1.168e+05 1.170e+05 1.166e+05 1.156e+05 1.143e+05 1.130e+05 1.117e+05 1.055e+05 1.059e+05 1.064e+05 1.071e+05 1.079e+05 1.089e+05 1.097e+05 1.105e+05 1.109e+05 1.109e+05 1.106e+05 1.099e+05 1.090e+05 1.081e+05 1.073e+05 1.065e+05 1.059e+05 1.055e+05 1.053e+05 1.053e+05 2.033e+05 2.284e+05 2.745e+05 3.843e+05 9.308e+05 1.398e+06 9.308e+05 3.843e+05 2.745e+05 2.284e+05 2.033e+05 1.881e+05 1.784e+05 1.725e+05 1.692e+05 1.682e+05 1.692e+05 1.725e+05 1.784e+05 1.881e+05
3.202e+05 3.196e+05 3.205e+05 3.229e+05 3.272e+05 3.338e+05 3.439e+05 3.592e+05 3.832e+05 4.206e+05 4.695e+05 4.921e+05 4.579e+05 4.101e+05 3.764e+05 3.549e+05 3.411e+05 3.320e+05 3.260e+05 3.222e+05 1.010e+05 1.009e+05 1.010e+05 1.011e+05 1.014e+05 1.017e+05 1.022e+05 1.027e+05 1.032e+05 1.037e+05 1.040e+05 1.041e+05 1.041e+05 1.038e+05 1.034e+05 1.029e+05 1.024e+05 1.019e+05 1.015e+05 1.012e+05 1.099e+05 1.091e+05 1.086e+05 1.083e+05 1.082e+05 1.084e+05 1.088e+05 1.095e+05 1.105e+05 1.116e+05 1.129e+05 1.142e+05 1.153e+05 1.160e+05 1.161e+05 1.156e+05 1.147e+05 1.134e+05 1.121e+05 1.109e+05 1.049e+05 1.052e+05 1.057e+05 1.064e+05 1.072e+05 1.080e+05 1.089e+05 1.095e+05 1.100e+05 1.100e+05 1.097e+05 1.091e+05 1.083e+05 1.075e+05 1.066e+05 1.059e+05 1.054e+05 1.050e+05 1.048e+05 1.048e+05 1.881e+05 2.033e+05 2.284e+05 2.745e+05 3.843e+05 9.308e+05 1.398e+06 9.308e+05 3.843e+05 2.745e+05 2.284e+05 2.033e+05 1.881e+05 1.784e+05 1.725e+05 1.692e+05 1.682e+05 1.692e+05 1.725e+05 1.784e+05
3.180e+05 3.174e+05 3.182e+05 3.204e+05 3.244e+05 3.305e+05 3.398e+05 3.537e+05 3.748e+05 4.063e+05 4.449e+05 4.629e+05 4.384e+05 4.000e+05 3.705e+05 3.509e+05 3.379e+05 3.293e+05 3.236e+05 3.200e+05 1.006e+05 1.005e+05 1.006e+05 1.007e+05 1.009e+05 1.013e+05 1.017e+05 1.022e+05 1.027e+05 1.031e+05 1.034e+05 1.035e+05 1.035e+05 1.032e+05 1.029e+05 1.024e+05 1.019e+05 1.015e+05 1.011e+05 1.008e+05 1.090e+05 1.083e+05 1.078e+05 1.076e+05 1.075e+05 1.077e+05 1.082e+05 1.089e+05 1.097e+05 1.108e+05 1.120e+05 1.132e+05 1.142e+05 1.148e+05 1.148e+05 1.143e+05 1.134e+05 1.123e+05 1.111e+05 1.100e+05 1.045e+05 1.048e+05 1.052e+05 1.059e+05 1.066e+05 1.074e+05 1.082e+05 1.088e+05 1.093e+05 1.094e+05 1.091e+05 1.086e+05 1.078e+05 1.070e+05 1.062e+05 1.055e+05 1.050e+05 1.046e+05 1.044e+05 1.044e+05 1.784e+05 1.881e+05 2.033e+05 2.284e+05 2.745e+05 3.843e+05 9.308e+05 1.398e+06 9.308e+05 3.843e+05 2.745e+05 2.284e+05 2.033e+05 1.881e+05 1.784e+05 1.725e+05 1.692e+05 1.682e+05 1.692e+05 1.725e+05
3.162e+05 3.155e+05 3.162e+05 3.182e+05 3.218e+05 3.274e+05 3.358e+05 3.483e+05 3.668e+05 3.936e+05 4.255e+05 4.420e+05 4.251e+05 3.933e+05 3.666e+05 3.482e+05 3.358e+05 3.274e+05 3.218e+05 3.182e+05 1.002e+05 1.002e+05 1.002e+05 1.003e+05 1.006e+05 1.009e+05 1.013e+05 1.017e+05 1.022e+05 1.026e+05 1.029e+05 1.030e+05 1.030e+05 1.028e+05 1.024e+05 1.020e+05 1.015e+05 1.011e+05 1.007e+05 1.004e+05 1.081e+05 1.075e+05 1.070e+05 1.068e+05 1.068e+05 1.070e+05 1.074e+05 1.080e+05 1.089e+05 1.099e+05 1.109e+05 1.120e+05 1.129e+05 1.134e+05 1.134e+05 1.130e+05 1.121e+05 1.111e+05 1.100e+05 1.090e+05 1.042e+05 1.045e+05 1.049e+05 1.055e+05 1.062e+05 1.070e+05 1.077e+05 1.084e+05 1.088e+05 1.090e+05 1.088e+05 1.083e+05 1.076e+05 1.068e+05 1.060e+05 1.053e+05 1.048e+05 1.044e+05 1.042e+05 1.041e+05 1.725e+05 1.784e+05 1.881e+05 2.033e+05 2.284e+05 2.745e+05 3.843e+05 9.308e+05 1.398e+06 9.308e+05 3.843e+05 2.745e+05 2.284e+05 2.033e+05 1.881e+05 1.784e+05 1.725e+05 1.692e+05 1.682e+05 1.692e+05
3.149e+05 3.141e+05 3.145e+05 3.163e+05 3.196e+05 3.247e+05 3.324e+05 3.436e+05 3.600e+05 3.833e+05 4.110e+05 4.276e+05 4.166e+05 3.895e+05 3.647e+05 3.469e+05 3.346e+05 3.263e+05 3.207e+05 3.170e+05 9.997e+04 9.989e+04 9.990e+04 1.000e+05 1.003e+05 1.006e+05 1.009e+05 1.014e+05 1.018e+05 1.022e+05 1.025e+05 1.026e+05 1.026e+05 1.024e+05 1.021e+05 1.016e+05 1.012e+05 1.008e+05 1.004e+05 1.002e+05 1.073e+05 1.066e+05 1.062e+05 1.060e+05 1.060e+05 1.062e+05 1.066e+05 1.072e+05 1.079e+05 1.089e+05 1.099e+05 1.108e+05 1.116e+05 1.121e+05 1.121e+05 1.117e+05 1.109e+05 1.100e+05 1.090e+05 1.081e+05 1.041e+05 1.044e+05 1.048e+05 1.053e+05 1.060e+05 1.068e+05 1.075e+05 1.082e+05 1.087e+05 1.088e+05 1.087e+05 1.082e+05 1.075e+05 1.068e+05 1.060e+05 1.053e+05 1.048e+05 1.044e+05 1.041e+05 1.040e+05 1.692e+05 1.725e+05 1.784e+05 1.881e+05 2.033e+05 2.284e+05 2.745e+05 3.843e+05 9.308e+05 1.398e+06 9.308e+05 3.843e+05 2.745e+05 2.284e+05 2.033e+05 1.881e+05 1.784e+05 1.725e+05 1.692e+05 1.682e+05
3.141e+05 3.131e+05 3.134e+05 3.150e+05 3.179e+05 3.226e+05 3.296e+05 3.398e+05 3.546e+05 3.754e+05 4.006e+05 4.182e+05 4.119e+05 3.884e+05 3.646e+05 3.468e+05 3.344e+05 3.259e+05 3.202e+05 3.163e+05 9.978e+04 9.969e+04 9.970e+04 9.982e+04 1.000e+05 1.003e+05 1.007e+05 1.011e+05 1.015e+05 1.019e+05 1.022e+05 1.023e+05 1.023e+05 1.021e+05 1.018e+05 1.014e+05 1.010e+05 1.006e+05 1.002e+05 9.997e+04 1.065e+05 1.059e+05 1.055e+05 1.053e+05 1.053e+05 1.055e+05 1.059e+05 1.064e+05 1.071e+05 1.079e+05 1.089e+05 1.097e+05 1.105e+05 1.109e+05 1.109e+05 1.106e+05 1.099e+05 1.090e+05 1.081e+05 1.073e+05 1.042e+05 1.044e+05 1.048e+05 1.053e+05 1.060e+05 1.068e+05 1.076e+05 1.083e+05 1.088e+05 1.090e+05 1.088e+05 1.084e+05 1.077e+05 1.070e+05 1.062e+05 1.055e+05 1.049e+05 1.045e+05 1.042e+05 1.041e+05 1.682e+05 1.692e+05 1.725e+05 1.784e+05 1.881e+05 2.033e+05 2.284e+05 2.745e+05 3.843e+05 9.308e+05 1.398e+06 9.308e+05 3.843e+05 2.745e+05 2.284e+05 2.033e+05 1.881e+05 1.784e+05 1.725e+05 1.692e+05
3.138e+05 3.127e+05 3.128e+05 3.141e+05 3.168e+05 3.211e+05 3.276e+05 3.370e+05 3.506e+05 3.698e+05 3.937e+05 4.127e+05 4.107e+05 3.897e+05 3.663e+05 3.481e+05 3.352e+05 3.264e+05 3.203e+05 3.163e+05 9.969e+04 9.960e+04 9.960e+04 9.970e+04 9.990e+04 1.002e+05 1.006e+05 1.010e+05 1.014e+05 1.017e+05 1.020e+05 1.022e+05 1.022e+05 1.020e+05 1.017e+05 1.013e+05 1.009e+05 1.005e+05 1.002e+05 9.989e+04 1.059e+05 1.054e+05 1.050e+05 1.048e+05 1.048e+05 1.049e+05 1.052e+05 1.057e+05 1.064e+05 1.072e+05 1.080e+05 1.089e+05 1.095e+05 1.100e+05 1.100e+05 1.097e+05 1.091e+05 1.083e+05 1.075e+05 1.066e+05 1.044e+05 1.046e+05 1.050e+05 1.055e+05 1.062e+05 1.070e+05 1.078e+05 1.086e+05 1.091e+05 1.094e+05 1.093e+05 1.088e+05 1.082e+05 1.074e+05 1.066e+05 1.059e+05 1.052e+05 1.048e+05 1.045e+05 1.044e+05 1.692e+05 1.682e+05 1.692e+05 1.725e+05 1.784e+05 1.881e+05 2.033e+05 2.284e+05 2.745e+05 3.843e+05 9.308e+05 1.398e+06 9.308e+05 3.843e+05 2.745e+05 2.284e+05 2.033e+05 1.881e+05 1.784e+05 1.725e+05
3.141e+05 3.128e+05 3.127e+05 3.138e+05 3.163e+05 3.203e+05 3.264e+05 3.352e+05 3.481e+05 3.663e+05 3.897e+05 4.107e+05 4.127e+05 3.937e+05 3.698e+05 3.506e+05 3.370e+05 3.276e+05 3.211e+05 3.168e+05 9.970e+04 9.960e+04 9.960e+04 9.969e+04 9.989e+04 1.002e+05 1.005e+05 1.009e+05 1.013e+05 1.017e+05 1.020e+05 1.022e+05 1.022e+05 1.020e+05 1.017e+05 1.014e+05 1.010e+05 1.006e+05 1.002e+05 9.990e+04 1.055e+05 1.050e+05 1.046e+05 1.044e+05 1.044e+05 1.045e+05 1.048e+05 1.052e+05 1.059e+05 1.066e+05 1.074e+05 1.082e+05 1.088e+05 1.093e+05 1.094e+05 1.091e+05 1.086e+05 1.078e+05 1.070e+05 1.062e+05 1.048e+05 1.050e+05 1.054e+05 1.059e+05 1.066e+05 1.075e+05 1.083e+05 1.091e+05 1.097e+05 1.100e+05 1.100e+05 1.095e+05 1.089e+05 1.080e+05 1.072e+05 1.064e+05 1.057e+05 1.052e+05 1.049e+05 1.048e+05 1.725e+05 1.692e+05 1.682e+05 1.692e+05 1.725e+05 1.784e+05 1.881e+05 2.033e+05 2.284e+05 2.745e+05 3.843e+05 9.308e+05 1.398e+06 9.308e+05 3.843e+05 2.745e+05 2.284e+05 2.033e+05 1.881e+05 1.784e+05
3.150e+05 3.134e+05 3.131e+05 3.141e+05 3.163e+05 3.202e+05 3.259e+05 3.344e+05 3.468e+05 3.646e+05 3.884e+05 4.119e+05 4.182e+05 4.006e+05 3.754e+05 3.546e+05 3.398e+05 3.296e+05 3.226e+05 3.179e+05 9.982e+04 9.970e+04 9.969e+04 9.978e+04 9.997e+04 1.002e+05 1.006e+05 1.010e+05 1.014e+05 1.018e+05 1.021e+05 1.023e+05 1.023e+05 1.022e+05 1.019e+05 1.015e+05 1.011e+05 1.007e+05 1.003e+05 1.000e+05 1.053e+05 1.048e+05 1.044e+05 1.042e+05 1.041e+05 1.042e+05 1.045e+05 1.049e+05 1.055e+05 1.062e+05 1.070e+05 1.077e+05 1.084e+05 1.088e+05 1.090e+05 1.088e+05 1.083e+05 1.076e+05 1.068e+05 1.060e+05 1.053e+05 1.055e+05 1.059e+05 1.065e+05 1.073e+05 1.081e+05 1.090e+05 1.099e+05 1.106e+05 1.109e+05 1.109e+05 1.105e+05 1.097e+05 1.089e+05 1.079e+05 1.071e+05 1.064e+05 1.059e+05 1.055e+05 1.053e+05 1.784e+05 1.725e+05 1.692e+05 1.682e+05 1.692e+05 1.725e+05 1.784e+05 1.881e+05 2.033e+05 2.284e+05 2.745e+05 3.843e+05 9.308e+05 1.398e+06 9.308e+05 3.843e+05 2.745e+05 2.284e+05 2.033e+05 1.881e+05
3.163e+05 3.145e+05 3.141e+05 3.149e+05 3.170e+05 3.207e+05 3.263e+05 3.346e+05 3.469e+05 3.647e+05 3.895e+05 4.166e+05 4.276e+05 4.110e+05 3.833e+05 3.600e+05 3.436e+05 3.324e+05 3.247e+05 3.196e+05 1.000e+05 9.990e+04 9.989e+04 9.997e+04 1.002e+05 1.004e+05 1.008e+05 1.012e+05 1.016e+05 1.021e+05 1.024e+05 1.026e+05 1.026e+05 1.025e+05 1.022e+05 1.018e+05 1.014e+05 1.009e+05 1.006e+05 1.003e+05 1.053e+05 1.048e+05 1.044e+05 1.041e+05 1.040e+05 1.041e+05 1.044e+05 1.048e+05 1.053e+05 1.060e+05 1.068e+05 1.075e+05 1.082e+05 1.087e+05 1.088e+05 1.087e+05 1.082e+05 1.075e+05 1.068e+05 1.060e+05 1.060e+05 1.062e+05 1.066e+05 1.073e+05 1.081e+05 1.090e+05 1.100e+05 1.109e+05 1.117e+05 1.121e+05 1.121e+05 1.116e+05 1.108e+05 1.099e+05 1.089e+05 1.079e+05 1.072e+05 1.066e+05 1.062e+05 1.060e+05 1.881e+05 1.784e+05 1.725e+05 1.692e+05 1.682e+05 1.692e+05 1.725e+05 1.784e+05 1.881e+05 2.033e+05 2.284e+05 2.745e+05 3.843e+05 9.308e+05 1.398e+06 9.308e+05 3.843e+05 2.745e+05 2.284e+05 2.033e+05
3.182e+05 3.162e+05 3.155e+05 3.162e+05 3.182e+05 3.218e+05 3.274e+05 3.358e+05 3.482e+05 3.666e+05 3.933e+05 4.251e+05 4.420e+05 4.255e+05 3.936e+05 3.668e+05 3.483e+05 3.358e+05 3.274e+05 3.218e+05 1.003e+05 1.002e+05 1.002e+05 1.002e+05 1.004e+05 1.007e+05 1.011e+05 1.015e+05 1.020e+05 1.024e+05 1.028e+05 1.030e+05 1.030e+05 1.029e+05 1.026e+05 1.022e+05 1.017e+05 1.013e+05 1.009e+05 1.006e+05 1.055e+05 1.049e+05 1.045e+05 1.042e+05 1.041e+05 1.042e+05 1.044e+05 1.048e+05 1.053e+05 1.060e+05 1.068e+05 1.076e+05 1.083e+05 1.088e+05 1.090e+05 1.088e+05 1.084e+05 1.077e+05 1.070e+05 1.062e+05 1.068e+05 1.070e+05 1.075e+05 1.081e+05 1.090e+05 1.100e+05 1.111e+05 1.121e+05 1.130e+05 1.134e+05 1.134e+05 1.129e+05 1.120e+05 1.109e+05 1.099e+05 1.089e+05 1.080e+05 1.074e+05 1.070e+05 1.068e+05 2.033e+05 1.881e+05 1.784e+05 1.725e+05 1.692e+05 1.682e+05 1.692e+05 1.725e+05 1.784e+05 1.881e+05 2.033e+05 2.284e+05 2.745e+05 3.843e+05 9.308e+05 1.398e+06 9.308e+05 3.843e+05 2.745e+05 2.284e+05
3.204e+05 3.182e+05 3.174e+05 3.180e+05 3.200e+05 3.236e+05 3.293e+05 3.379e+05 3.509e+05 3.705e+05 4.000e+05 4.384e+05 4.629e+05 4.449e+05 4.063e+05 3.748e+05 3.537e+05 3.398e+05 3.305e+05 3.244e+05 1.007e+05 1.006e+05 1.005e+05 1.006e+05 1.008e+05 1.011e+05 1.015e+05 1.019e+05 1.024e+05 1.029e+05 1.032e+05 1.035e+05 1.035e+05 1.034e+05 1.031e+05 1.027e+05 1.022e+05 1.017e+05 1.013e+05 1.009e+05 1.059e+05 1.052e+05 1.048e+05 1.045e+05 1.044e+05 1.044e+05 1.046e+05 1.050e+05 1.055e+05 1.062e+05 1.070e+05 1.078e+05 1.086e+05 1.091e+05 1.094e+05 1.093e+05 1.088e+05 1.082e+05 1.074e+05 1.066e+05 1.076e+05 1.078e+05 1.083e+05 1.090e+05 1.100e+05 1.111e+05 1.123e+05 1.134e+05 1.143e+05 1.148e+05 1.148e+05 1.142e+05 1.132e+05 1.120e+05 1.108e+05 1.097e+05 1.089e+05 1.082e+05 1.077e+05 1.075e+05 2.284e+05 2.033e+05 1.881e+05 1.784e+05 1.725e+05 1.692e+05 1.682e+05 1.692e+05 1.725e+05 1.784e+05 1.881e+05 2.033e+05 2.284e+05 2.745e+05 3.843e+05 9.308e+05 1.398e+06 9.308e+05 3.843e+05 2.745e+05
3.229e+05 3.205e+05 3.196e+05 3.202e+05 3.222e+05 3.260e+05 3.320e+05 3.411e+05 3.549e+05 3.764e+05 4.101e+05 4.579e+05 4.921e+05 4.695e+05 4.206e+05 3.832e+05 3.592e+05 3.439e+05 3.338e+05 3.272e+05 1.011e+05 1.010e+05 1.009e+05 1.010e+05 1.012e+05 1.015e+05 1.019e+05 1.024e+05 1.029e+05 1.034e+05 1.038e+05 1.041e+05 1.041e+05 1.040e+05 1.037e+05 1.032e+05 1.027e+05 1.022e+05 1.017e+05 1.014e+05 1.064e+05 1.057e+05 1.052e+05 1.049e+05 1.048e+05 1.048e+05 1.050e+05 1.054e+05 1.059e+05 1.066e+05 1.075e+05 1.083e+05 1.091e+05 1.097e+05 1.100e+05 1.100e+05 1.095e+05 1.089e+05 1.080e+05 1.072e+05 1.083e+05 1.086e+05 1.091e+05 1.099e+05 1.109e+05 1.121e+05 1.134e+05 1.147e+05 1.156e+05 1.161e+05 1.160e+05 1.153e+05 1.142e+05 1.129e+05 1.116e+05 1.105e+05 1.095e+05 1.088e+05 1.084e+05 1.082e+05 2.745e+05 2.284e+05 2.033e+05 1.881e+05 1.784e+05 1.725e+05 1.692e+05 1.682e+05 1.692e+05 1.725e+05 1.784e+05 1.881e+05 2.033e+05 2.284e+05 2.745e+05 3.843e+05 9.308e+05 1.398e+06 9.308e+05 3.843e+05
3.254e+05 3.229e+05 3.220e+05 3.227e+05 3.249e+05 3.289e+05 3.354e+05 3.452e+05 3.604e+05 3.846e+05 4.245e+05 4.857e+05 5.318e+05 4.976e+05 4.343e+05 3.905e+05 3.641e+05 3.476e+05 3.369e+05 3.299e+05 1.015e+05 1.014e+05 1.013e+05 1.014e+05 1.016e+05 1.020e+05 1.024e+05 1.029e+05 1.034e+05 1.040e+05 1.044e+05 1.047e+05 1.047e+05 1.046e+05 1.042e+05 1.037e+05 1.032e+05 1.027e+05 1.022e+05 1.018e+05 1.071e+05 1.064e+05 1.059e+05 1.055e+05 1.053e+05 1.053e+05 1.055e+05 1.059e+05 1.065e+05 1.073e+05 1.081e+05 1.090e+05 1.099e+05 1.106e+05 1.109e+05 1.109e+05 1.105e+05 1.097e+05 1.089e+05 1.079e+05 1.088e+05 1.091e+05 1.097e+05 1.106e+05 1.117e+05 1.130e+05 1.143e+05 1.156e+05 1.166e+05 1.170e+05 1.168e+05 1.160e+05 1.148e+05 1.134e+05 1.121e+05 1.109e+05 1.100e+05 1.093e+05 1.088e+05 1.087e+05 3.843e+05 2.745e+05 2.284e+05 2.033e+05 1.881e+05 1.784e+05 1.725e+05 1.692e+05 1.682e+05 1.692e+05 1.725e+05 1.784e+05 1.881e+05 2.033e+05 2.284e+05 2.745e+05 3.843e+05 9.308e+05 1.398e+06 9.308e+05
3.276e+05 3.252e+05 3.244e+05 3.252e+05 3.277e+05 3.322e+05 3.393e+05 3.502e+05 3.673e+05 3.953e+05 4.439e+05 5.242e+05 5.806e+05 5.227e+05 4.433e+05 3.950e+05 3.672e+05 3.502e+05 3.392e+05 3.321e+05 1.019e+05 1.017e+05 1.017e+05 1.018e+05 1.021e+05 1.024e+05 1.029e+05 1.034e+05 1.040e+05 1.045e+05 1.050e+05 1.052e+05 1.053e+05 1.051e+05 1.047e+05 1.042e+05 1.037e+05 1.031e+05 1.026e+05 1.022e+05 1.079e+05 1.072e+05 1.066e+05 1.062e+05 1.060e+05 1.060e+05 1.062e+05 1.066e+05 1.073e+05 1.081e+05 1.090e+05 1.100e+05 1.109e+05 1.117e+05 1.121e+05 1.121e+05 1.116e+05 1.108e+05 1.099e+05 1.089e+05 1.090e+05 1.094e+05 1.100e+05 1.109e+05 1.121e+05 1.134e+05 1.148e+05 1.161e+05 1.170e+05 1.173e+05 1.170e+05 1.161e+05 1.148e+05 1.134e+05 1.121e+05 1.109e+05 1.100e+05 1.094e+05 1.090e+05 1.088e+05 9.308e+05 3.843e+05 2.745e+05 2.284e+05 2.033e+05 1.881e+05 1.784e+05 1.725e+05 1.692e+05 1.682e+05 1.692e+05 1.725e+05 1.784e+05 1.881e+05 2.033e+05 2.284e+05 2.745e+05 3.843e+05 9.308e+05 1.398e+06
